moduleId,category,structures,highPriorityStructures,cleanStudyVisual,directlyAnnotatedStructures,learnLabels,recall,meaningfulVisualQuestions,rights,phone,diagramIds,genuineHistologyIds,genuineSpecimenIds,modelImageIds
"cells-tissues","cell boundary","1","0","Text-only; not expanded in this bounded audit","0","Not applicable","Not applicable","0","Not applicable","No current device-render evidence","","","",""
"cells-tissues","cell regions","1","0","Direct annotated visual","1","Usable labels present; coverage limited to depicted targets","Unlabeled/reveal available","0","Verified source/license; originals or credited licensed/public-domain media","No current device-render evidence","asset-original-cell-overview","","",""
"cells-tissues","organelles","11","0","Direct annotated visual","6","Usable labels present; coverage limited to depicted targets","Unlabeled/reveal available","1","Verified source/license; originals or credited licensed/public-domain media","No current device-render evidence","asset-original-cell-overview","","",""
"cells-tissues","nucleus","1","0","Text-only; not expanded in this bounded audit","0","Not applicable","Not applicable","0","Not applicable","No current device-render evidence","","","",""
"cells-tissues","cell surface","1","0","Text-only; not expanded in this bounded audit","0","Not applicable","Not applicable","0","Not applicable","No current device-render evidence","","","",""
"cells-tissues","cell junctions","4","0","Text-only; not expanded in this bounded audit","0","Not applicable","Not applicable","0","Not applicable","No current device-render evidence","","","",""
"cells-tissues","epithelial tissue","11","0","Direct annotated visual","11","Usable labels present; coverage limited to depicted targets","Unlabeled/reveal available","12","Verified source/license; originals or credited licensed/public-domain media","Phone/enlarged target geometry checked; current native/offline test not performed","asset-bvis04-epithelia-simple | asset-bvis04-epithelia-stratified | asset-bvis04-epithelia-other-stratified | asset-bvis04-connective-loose | asset-bvis04-connective-dense | asset-bvis04-cartilage | asset-bvis04-muscle-tissue | asset-bvis04-nervous-tissue","asset-commons-simple-squamous-epithelium | asset-commons-simple-cuboidal-epithelium | asset-commons-simple-columnar-epithelium","",""
"cells-tissues","glandular epithelium","3","0","Text-only; not expanded in this bounded audit","0","Not applicable","Not applicable","0","Not applicable","No current device-render evidence","","","",""
"cells-tissues","connective tissue","12","0","Direct annotated visual","9","Usable labels present; coverage limited to depicted targets","Unlabeled/reveal available","9","Verified source/license; originals or credited licensed/public-domain media","Phone/enlarged target geometry checked; current native/offline test not performed","asset-bvis04-connective-loose | asset-bvis04-connective-dense | asset-bvis04-cartilage | asset-bvis04-epithelia-simple | asset-bvis04-epithelia-stratified | asset-bvis04-muscle-tissue | asset-bvis04-nervous-tissue","","",""
"cells-tissues","formed elements","3","0","Lesson/context visual only; no structure-level label claim","0","Usable labels present; coverage limited to depicted targets","Unlabeled/reveal available","0","Verified source/license; originals or credited licensed/public-domain media","Phone/enlarged target geometry checked; current native/offline test not performed","asset-bvis04-connective-loose | asset-bvis04-connective-dense | asset-bvis04-cartilage","","",""
"cells-tissues","muscle tissue","3","0","Direct annotated visual","3","Usable labels present; coverage limited to depicted targets","Unlabeled/reveal available","3","Verified source/license; originals or credited licensed/public-domain media","Phone/enlarged target geometry checked; current native/offline test not performed","asset-bvis04-muscle-tissue | asset-bvis04-epithelia-simple | asset-bvis04-epithelia-stratified | asset-bvis04-connective-loose | asset-bvis04-connective-dense | asset-bvis04-cartilage | asset-bvis04-nervous-tissue","","",""
"cells-tissues","nervous tissue","2","0","Direct annotated visual","2","Usable labels present; coverage limited to depicted targets","Unlabeled/reveal available","2","Verified source/license; originals or credited licensed/public-domain media","Phone/enlarged target geometry checked; current native/offline test not performed","asset-bvis04-nervous-tissue | asset-bvis04-epithelia-simple | asset-bvis04-epithelia-stratified | asset-bvis04-connective-loose | asset-bvis04-connective-dense | asset-bvis04-cartilage | asset-bvis04-muscle-tissue","","",""
"cells-tissues","histology cues","4","0","Direct annotated visual","4","Usable labels present; coverage limited to depicted targets","Unlabeled/reveal available","0","Verified source/license; originals or credited licensed/public-domain media","Phone/enlarged target geometry checked; current native/offline test not performed","asset-bvis04-connective-loose | asset-bvis04-cartilage | asset-bvis04-muscle-tissue | asset-bvis04-connective-dense | asset-bvis04-epithelia-simple | asset-bvis04-epithelia-stratified | asset-bvis04-nervous-tissue","","",""
"lymphatic-system","fluid","1","0","Direct annotated visual","1","Usable labels present; coverage limited to depicted targets","Unlabeled/reveal available","1","Verified source/license; originals or credited licensed/public-domain media","Phone/enlarged target geometry checked; current native/offline test not performed","asset-bvis05-lymph-overview | asset-bvis05-lymph-node-structure","","",""
"lymphatic-system","vessels","7","0","Direct annotated visual","7","Usable labels present; coverage limited to depicted targets","Unlabeled/reveal available","7","Verified source/license; originals or credited licensed/public-domain media","Phone/enlarged target geometry checked; current native/offline test not performed","asset-bvis05-lymph-overview | asset-bvis05-gut-lymphoid-lacteal | asset-bvis05-lymph-node-structure","","",""
"lymphatic-system","ducts","3","0","Direct annotated visual","3","Usable labels present; coverage limited to depicted targets","Unlabeled/reveal available","4","Verified source/license; originals or credited licensed/public-domain media","Phone/enlarged target geometry checked; current native/offline test not performed","asset-bvis05-lymph-overview | asset-bvis05-lymph-node-structure | asset-bvis05-gut-lymphoid-lacteal","","",""
"lymphatic-system","nodes","1","0","Direct annotated visual","1","Usable labels present; coverage limited to depicted targets","Unlabeled/reveal available","2","Verified source/license; originals or credited licensed/public-domain media","Phone/enlarged target geometry checked; current native/offline test not performed","asset-bvis05-lymph-node-structure | asset-bvis05-lymph-overview","","",""
"lymphatic-system","node groups","3","0","Direct annotated visual","3","Usable labels present; coverage limited to depicted targets","Unlabeled/reveal available","3","Verified source/license; originals or credited licensed/public-domain media","Phone/enlarged target geometry checked; current native/offline test not performed","asset-bvis05-lymph-overview | asset-bvis05-lymph-node-structure","","",""
"lymphatic-system","node architecture","10","0","Direct annotated visual","10","Usable labels present; coverage limited to depicted targets","Unlabeled/reveal available","13","Verified source/license; originals or credited licensed/public-domain media","Phone/enlarged target geometry checked; current native/offline test not performed","asset-bvis05-lymph-node-structure | asset-bvis05-lymph-overview","","",""
"lymphatic-system","organ","2","0","Direct annotated visual","2","Usable labels present; coverage limited to depicted targets","Unlabeled/reveal available","4","Verified source/license; originals or credited licensed/public-domain media","Phone/enlarged target geometry checked; current native/offline test not performed","asset-bvis05-spleen-pulp | asset-bvis05-thymus-lobule","","",""
"lymphatic-system","spleen histology","6","0","Direct annotated visual","6","Usable labels present; coverage limited to depicted targets","Unlabeled/reveal available","6","Verified source/license; originals or credited licensed/public-domain media","Phone/enlarged target geometry checked; current native/offline test not performed","asset-bvis05-spleen-pulp","","",""
"lymphatic-system","thymus histology","4","0","Direct annotated visual","4","Usable labels present; coverage limited to depicted targets","Unlabeled/reveal available","4","Verified source/license; originals or credited licensed/public-domain media","Phone/enlarged target geometry checked; current native/offline test not performed","asset-bvis05-thymus-lobule","","",""
"lymphatic-system","MALT","9","0","Direct annotated visual","9","Usable labels present; coverage limited to depicted targets","Unlabeled/reveal available","11","Verified source/license; originals or credited licensed/public-domain media","Phone/enlarged target geometry checked; current native/offline test not performed","asset-bvis05-tonsil-map-structure | asset-bvis05-gut-lymphoid-lacteal","","",""
"lymphatic-system","intestinal lymphatics","1","0","Direct annotated visual","1","Usable labels present; coverage limited to depicted targets","Unlabeled/reveal available","1","Verified source/license; originals or credited licensed/public-domain media","Phone/enlarged target geometry checked; current native/offline test not performed","asset-bvis05-gut-lymphoid-lacteal","","",""
"cytology-mitosis","cell cycle","4","4","Direct annotated visual","1","Usable labels present; coverage limited to depicted targets","Unlabeled/reveal available","0","Verified source/license; originals or credited licensed/public-domain media","No current device-render evidence","asset-original-mitosis-stages","","",""
"cytology-mitosis","chromosome","2","2","Text-only; not expanded in this bounded audit","0","Not applicable","Not applicable","0","Not applicable","No current device-render evidence","","","",""
"cytology-mitosis","cell division","2","2","Lesson/context visual only; no structure-level label claim","0","Usable labels present; coverage limited to depicted targets","Unlabeled/reveal available","0","Verified source/license; originals or credited licensed/public-domain media","No current device-render evidence","asset-original-mitosis-stages","","",""
"cytology-mitosis","mitosis stage","4","4","Direct annotated visual","4","Usable labels present; coverage limited to depicted targets","Unlabeled/reveal available","1","Verified source/license; originals or credited licensed/public-domain media","No current device-render evidence","asset-original-mitosis-stages","","",""
"cytology-mitosis","cell structure","8","8","Direct annotated visual","1","Usable labels present; coverage limited to depicted targets","Unlabeled/reveal available","0","Verified source/license; originals or credited licensed/public-domain media","No current device-render evidence","asset-original-cell-overview | asset-original-mitosis-stages","","",""
"cytology-mitosis","organelle","2","2","Lesson/context visual only; no structure-level label claim","0","Usable labels present; coverage limited to depicted targets","Unlabeled/reveal available","0","Verified source/license; originals or credited licensed/public-domain media","No current device-render evidence","asset-original-cell-overview","","",""
"skeletal-system","axial skeleton","2","0","Direct annotated visual","1","Usable labels present; coverage limited to depicted targets","Unlabeled/reveal available","1","Verified source/license; originals or credited licensed/public-domain media","Phone/enlarged target geometry checked; current native/offline test not performed","asset-atlas-skeleton-anterior | asset-commons-axial-skeleton-blank | asset-atlas-skeleton-posterior | asset-atlas-skeleton-axial-appendicular | asset-skull-front | asset-skull-lateral","","",""
"skeletal-system","skull","14","0","Direct annotated visual","14","Usable labels present; coverage limited to depicted targets","Unlabeled/reveal available","1","Verified source/license; originals or credited licensed/public-domain media","Phone/enlarged target geometry checked; current native/offline test not performed","asset-skull-front | asset-skull-lateral | asset-atlas-skeleton-anterior | asset-commons-axial-skeleton-blank | asset-skeletal-atlas-skull-base-external | asset-skeletal-atlas-skull-sutures | asset-skeletal-atlas-cranial-floor-internal","","",""
"skeletal-system","sutures","3","0","Direct annotated visual","3","Usable labels present; coverage limited to depicted targets","Unlabeled/reveal available","1","Verified source/license; originals or credited licensed/public-domain media","Phone/enlarged target geometry checked; current native/offline test not performed","asset-skeletal-atlas-skull-sutures | asset-skull-front | asset-skull-lateral | asset-atlas-skeleton-anterior | asset-commons-axial-skeleton-blank","","",""
"skeletal-system","skull foramina","14","0","Direct annotated visual","14","Usable labels present; coverage limited to depicted targets","Unlabeled/reveal available","2","Verified source/license; originals or credited licensed/public-domain media","Phone/enlarged target geometry checked; current native/offline test not performed","asset-skull-front | asset-skeletal-atlas-skull-base-external | asset-skeletal-atlas-cranial-floor-internal | asset-skull-lateral | asset-atlas-skeleton-anterior | asset-commons-axial-skeleton-blank | asset-skeletal-atlas-skull-sutures","","",""
"skeletal-system","vertebral column","7","0","Direct annotated visual","7","Usable labels present; coverage limited to depicted targets","Unlabeled/reveal available","5","Verified source/license; originals or credited licensed/public-domain media","Phone/enlarged target geometry checked; current native/offline test not performed","asset-commons-axial-skeleton-blank | asset-atlas-skeleton-posterior | asset-cervical-vertebra | asset-servier-pelvis | asset-atlas-skeleton-axial-appendicular | asset-skeletal-atlas-atlas-axis | asset-skeletal-atlas-vertebra-typical | asset-vertebral-column","","",""
"skeletal-system","vertebral landmarks","8","0","Direct annotated visual","8","Usable labels present; coverage limited to depicted targets","Unlabeled/reveal available","2","Verified source/license; originals or credited licensed/public-domain media","Phone/enlarged target geometry checked; current native/offline test not performed","asset-skeletal-atlas-vertebra-typical | asset-cervical-vertebra | asset-skeletal-atlas-rib-detail | asset-skeletal-atlas-atlas-axis | asset-atlas-skeleton-posterior | asset-vertebral-column","","",""
"skeletal-system","vertebral relationships","1","0","Direct annotated visual","1","Usable labels present; coverage limited to depicted targets","Unlabeled/reveal available","0","Verified source/license; originals or credited licensed/public-domain media","Phone/enlarged target geometry checked; current native/offline test not performed","asset-skeletal-atlas-vertebra-typical | asset-atlas-skeleton-posterior | asset-vertebral-column | asset-cervical-vertebra","","",""
"skeletal-system","thoracic cage","7","0","Direct annotated visual","7","Usable labels present; coverage limited to depicted targets","Unlabeled/reveal available","3","Verified source/license; originals or credited licensed/public-domain media","Phone/enlarged target geometry checked; current native/offline test not performed","asset-atlas-skeleton-anterior | asset-commons-axial-skeleton-blank | asset-skeletal-atlas-thoracic-cage | asset-skeletal-atlas-pectoral-girdle | asset-atlas-skeleton-axial-appendicular | asset-skeletal-atlas-rib-detail | asset-atlas-skeleton-posterior","","",""
"skeletal-system","pectoral girdle","2","0","Direct annotated visual","2","Usable labels present; coverage limited to depicted targets","Unlabeled/reveal available","5","Verified source/license; originals or credited licensed/public-domain media","Phone/enlarged target geometry checked; current native/offline test not performed","asset-atlas-skeleton-anterior | asset-atlas-skeleton-posterior | asset-skeletal-atlas-scapula | asset-skeletal-atlas-pectoral-girdle | asset-atlas-skeleton-axial-appendicular | asset-commons-appendicular-skeleton-blank | asset-skeletal-atlas-shoulder-joint | asset-skeletal-atlas-hip-bone | asset-servier-pelvis","","",""
"skeletal-system","upper limb","1","0","Direct annotated visual","1","Usable labels present; coverage limited to depicted targets","Unlabeled/reveal available","2","Verified source/license; originals or credited licensed/public-domain media","Phone/enlarged target geometry checked; current native/offline test not performed","asset-atlas-skeleton-anterior | asset-atlas-skeleton-posterior | asset-atlas-skeleton-axial-appendicular | asset-skeletal-atlas-humerus | asset-commons-appendicular-skeleton-blank | asset-servier-elbow-joint | asset-skeletal-atlas-forearm | asset-skeletal-atlas-femur | asset-skeletal-atlas-leg-tibia-fibula","","",""
"skeletal-system","forearm","2","0","Direct annotated visual","2","Usable labels present; coverage limited to depicted targets","Unlabeled/reveal available","2","Verified source/license; originals or credited licensed/public-domain media","Phone/enlarged target geometry checked; current native/offline test not performed","asset-atlas-skeleton-anterior | asset-skeletal-atlas-forearm | asset-commons-appendicular-skeleton-blank | asset-skeletal-atlas-humerus | asset-skeletal-atlas-femur | asset-skeletal-atlas-leg-tibia-fibula | asset-atlas-skeleton-axial-appendicular","","",""
"skeletal-system","hand","3","0","Direct annotated visual","3","Usable labels present; coverage limited to depicted targets","Unlabeled/reveal available","2","Verified source/license; originals or credited licensed/public-domain media","Phone/enlarged target geometry checked; current native/offline test not performed","asset-commons-appendicular-skeleton-blank | asset-skeletal-atlas-hand-palmar | asset-skeletal-atlas-humerus | asset-skeletal-atlas-forearm | asset-skeletal-atlas-femur | asset-skeletal-atlas-leg-tibia-fibula | asset-atlas-skeleton-anterior | asset-atlas-skeleton-axial-appendicular","","",""
"skeletal-system","pelvic girdle","4","0","Direct annotated visual","4","Usable labels present; coverage limited to depicted targets","Unlabeled/reveal available","3","Verified source/license; originals or credited licensed/public-domain media","Phone/enlarged target geometry checked; current native/offline test not performed","asset-atlas-skeleton-anterior | asset-atlas-skeleton-posterior | asset-skeletal-atlas-hip-bone | asset-servier-pelvis | asset-atlas-skeleton-axial-appendicular | asset-commons-appendicular-skeleton-blank | asset-skeletal-atlas-scapula | asset-skeletal-atlas-pectoral-girdle","","",""
"skeletal-system","lower limb","4","0","Direct annotated visual","4","Usable labels present; coverage limited to depicted targets","Unlabeled/reveal available","4","Verified source/license; originals or credited licensed/public-domain media","Phone/enlarged target geometry checked; current native/offline test not performed","asset-atlas-skeleton-anterior | asset-atlas-skeleton-posterior | asset-servier-pelvis | asset-atlas-skeleton-axial-appendicular | asset-skeletal-atlas-femur | asset-skeletal-atlas-leg-tibia-fibula | asset-commons-appendicular-skeleton-blank | asset-skeletal-atlas-knee-joint | asset-skeletal-atlas-humerus | asset-skeletal-atlas-forearm","","",""
"skeletal-system","foot","5","0","Direct annotated visual","5","Usable labels present; coverage limited to depicted targets","Unlabeled/reveal available","2","Verified source/license; originals or credited licensed/public-domain media","Phone/enlarged target geometry checked; current native/offline test not performed","asset-commons-appendicular-skeleton-blank | asset-skeletal-atlas-foot-dorsal | asset-skeletal-atlas-humerus | asset-skeletal-atlas-forearm | asset-skeletal-atlas-femur | asset-skeletal-atlas-leg-tibia-fibula | asset-atlas-skeleton-anterior | asset-atlas-skeleton-axial-appendicular","","",""
"skeletal-system","articulations","3","0","Direct annotated visual","3","Usable labels present; coverage limited to depicted targets","Unlabeled/reveal available","2","Verified source/license; originals or credited licensed/public-domain media","Phone/enlarged target geometry checked; current native/offline test not performed","asset-skeletal-atlas-scapula | asset-skeletal-atlas-pectoral-girdle | asset-skeletal-atlas-hip-bone | asset-servier-pelvis | asset-skeletal-atlas-shoulder-joint | asset-atlas-skeleton-axial-appendicular | asset-atlas-skeleton-anterior","","",""
"skeletal-system","skull landmarks","5","0","Direct annotated visual","5","Usable labels present; coverage limited to depicted targets","Unlabeled/reveal available","0","Verified source/license; originals or credited licensed/public-domain media","Phone/enlarged target geometry checked; current native/offline test not performed","asset-skull-lateral | asset-skeletal-atlas-skull-base-external | asset-skeletal-atlas-cranial-floor-internal | asset-skeletal-atlas-skull-sutures","","",""
"skeletal-system","temporal bone landmarks","2","0","Direct annotated visual","2","Usable labels present; coverage limited to depicted targets","Unlabeled/reveal available","1","Verified source/license; originals or credited licensed/public-domain media","Phone/enlarged target geometry checked; current native/offline test not performed","asset-skull-lateral | asset-skeletal-atlas-skull-base-external | asset-skeletal-atlas-skull-sutures","","",""
"skeletal-system","mandible landmarks","3","0","Direct annotated visual","3","Usable labels present; coverage limited to depicted targets","Unlabeled/reveal available","1","Verified source/license; originals or credited licensed/public-domain media","Phone/enlarged target geometry checked; current native/offline test not performed","asset-skull-front | asset-skull-lateral | asset-skeletal-atlas-skull-base-external | asset-skeletal-atlas-skull-sutures","","",""
"skeletal-system","rib landmarks","3","0","Direct annotated visual","3","Usable labels present; coverage limited to depicted targets","Unlabeled/reveal available","1","Verified source/license; originals or credited licensed/public-domain media","Phone/enlarged target geometry checked; current native/offline test not performed","asset-skeletal-atlas-rib-detail | asset-skeletal-atlas-vertebra-typical | asset-skeletal-atlas-atlas-axis | asset-vertebral-column | asset-cervical-vertebra","","",""
"skeletal-system","scapular landmarks","3","0","Direct annotated visual","3","Usable labels present; coverage limited to depicted targets","Unlabeled/reveal available","1","Verified source/license; originals or credited licensed/public-domain media","Phone/enlarged target geometry checked; current native/offline test not performed","asset-skeletal-atlas-scapula | asset-skeletal-atlas-pectoral-girdle | asset-skeletal-atlas-shoulder-joint | asset-skeletal-atlas-humerus | asset-skeletal-atlas-hip-bone","","",""
"skeletal-system","humerus landmarks","7","0","Direct annotated visual","7","Usable labels present; coverage limited to depicted targets","Unlabeled/reveal available","1","Verified source/license; originals or credited licensed/public-domain media","Phone/enlarged target geometry checked; current native/offline test not performed","asset-skeletal-atlas-pectoral-girdle | asset-skeletal-atlas-humerus | asset-skeletal-atlas-shoulder-joint | asset-skeletal-atlas-scapula | asset-skeletal-atlas-hip-bone","","",""
"skeletal-system","radius landmarks","3","0","Direct annotated visual","3","Usable labels present; coverage limited to depicted targets","Unlabeled/reveal available","0","Verified source/license; originals or credited licensed/public-domain media","Phone/enlarged target geometry checked; current native/offline test not performed","asset-skeletal-atlas-forearm | asset-skeletal-atlas-hand-palmar | asset-skeletal-atlas-scapula | asset-skeletal-atlas-humerus | asset-skeletal-atlas-hip-bone","","",""
"skeletal-system","ulna landmarks","3","0","Direct annotated visual","3","Usable labels present; coverage limited to depicted targets","Unlabeled/reveal available","1","Verified source/license; originals or credited licensed/public-domain media","Phone/enlarged target geometry checked; current native/offline test not performed","asset-skeletal-atlas-forearm | asset-skeletal-atlas-hand-palmar | asset-skeletal-atlas-scapula | asset-skeletal-atlas-humerus | asset-skeletal-atlas-hip-bone","","",""
"skeletal-system","pelvic landmarks","4","0","Direct annotated visual","4","Usable labels present; coverage limited to depicted targets","Unlabeled/reveal available","1","Verified source/license; originals or credited licensed/public-domain media","Phone/enlarged target geometry checked; current native/offline test not performed","asset-skeletal-atlas-hip-bone | asset-skeletal-atlas-scapula | asset-skeletal-atlas-humerus","","",""
"skeletal-system","femur landmarks","5","0","Direct annotated visual","5","Usable labels present; coverage limited to depicted targets","Unlabeled/reveal available","1","Verified source/license; originals or credited licensed/public-domain media","Phone/enlarged target geometry checked; current native/offline test not performed","asset-skeletal-atlas-femur | asset-skeletal-atlas-knee-joint | asset-skeletal-atlas-scapula | asset-skeletal-atlas-humerus | asset-skeletal-atlas-hip-bone | asset-skeletal-atlas-leg-tibia-fibula","","",""
"skeletal-system","tibia landmarks","2","0","Direct annotated visual","2","Usable labels present; coverage limited to depicted targets","Unlabeled/reveal available","1","Verified source/license; originals or credited licensed/public-domain media","Phone/enlarged target geometry checked; current native/offline test not performed","asset-skeletal-atlas-leg-tibia-fibula | asset-skeletal-atlas-knee-joint | asset-skeletal-atlas-scapula | asset-skeletal-atlas-humerus | asset-skeletal-atlas-hip-bone","","",""
"skeletal-system","fibula landmarks","1","0","Direct annotated visual","1","Usable labels present; coverage limited to depicted targets","Unlabeled/reveal available","0","Verified source/license; originals or credited licensed/public-domain media","Phone/enlarged target geometry checked; current native/offline test not performed","asset-skeletal-atlas-leg-tibia-fibula | asset-skeletal-atlas-scapula | asset-skeletal-atlas-humerus | asset-skeletal-atlas-hip-bone","","",""
"skeletal-system","skull fossae","3","0","Direct annotated visual","3","Usable labels present; coverage limited to depicted targets","Unlabeled/reveal available","0","Verified source/license; originals or credited licensed/public-domain media","Phone/enlarged target geometry checked; current native/offline test not performed","asset-skeletal-atlas-cranial-floor-internal | asset-skeletal-atlas-skull-base-external","","",""
"skeletal-system","ethmoid landmarks","3","0","Direct annotated visual","2","Usable labels present; coverage limited to depicted targets","Unlabeled/reveal available","0","Verified source/license; originals or credited licensed/public-domain media","Phone/enlarged target geometry checked; current native/offline test not performed","asset-skeletal-atlas-cranial-floor-internal | asset-skeletal-atlas-skull-base-external","","",""
"skeletal-system","sphenoid landmarks","1","0","Direct annotated visual","1","Usable labels present; coverage limited to depicted targets","Unlabeled/reveal available","0","Verified source/license; originals or credited licensed/public-domain media","Phone/enlarged target geometry checked; current native/offline test not performed","asset-skeletal-atlas-skull-base-external | asset-skeletal-atlas-cranial-floor-internal","","",""
"skeletal-system","skull base","1","0","Direct annotated visual","1","Usable labels present; coverage limited to depicted targets","Unlabeled/reveal available","0","Verified source/license; originals or credited licensed/public-domain media","Phone/enlarged target geometry checked; current native/offline test not performed","asset-skeletal-atlas-cranial-floor-internal | asset-skeletal-atlas-skull-base-external","","",""
"skeletal-system","occipital landmarks","1","0","Direct annotated visual","1","Usable labels present; coverage limited to depicted targets","Unlabeled/reveal available","0","Verified source/license; originals or credited licensed/public-domain media","Phone/enlarged target geometry checked; current native/offline test not performed","asset-skeletal-atlas-cranial-floor-internal | asset-skeletal-atlas-skull-base-external","","",""
"skeletal-system","vertebral regions","3","0","Lesson/context visual only; no structure-level label claim","0","Usable labels present; coverage limited to depicted targets","Unlabeled/reveal available","0","Verified source/license; originals or credited licensed/public-domain media","Phone/enlarged target geometry checked; current native/offline test not performed","asset-cervical-vertebra","","",""
"skeletal-system","cervical landmarks","1","0","Direct annotated visual","1","Usable labels present; coverage limited to depicted targets","Unlabeled/reveal available","0","Verified source/license; originals or credited licensed/public-domain media","Phone/enlarged target geometry checked; current native/offline test not performed","asset-cervical-vertebra","","",""
"skeletal-system","thoracic landmarks","2","0","Direct annotated visual","2","Usable labels present; coverage limited to depicted targets","Unlabeled/reveal available","1","Verified source/license; originals or credited licensed/public-domain media","Phone/enlarged target geometry checked; current native/offline test not performed","asset-skeletal-atlas-vertebra-typical | asset-cervical-vertebra | asset-skeletal-atlas-rib-detail","","",""
"skeletal-system","lumbar landmarks","2","0","Direct annotated visual","2","Usable labels present; coverage limited to depicted targets","Unlabeled/reveal available","0","Verified source/license; originals or credited licensed/public-domain media","Phone/enlarged target geometry checked; current native/offline test not performed","asset-cervical-vertebra","","",""
"skeletal-system","carpal bones","8","0","Direct annotated visual","8","Usable labels present; coverage limited to depicted targets","Unlabeled/reveal available","1","Verified source/license; originals or credited licensed/public-domain media","Phone/enlarged target geometry checked; current native/offline test not performed","asset-skeletal-atlas-hand-palmar","","",""
"skeletal-system","carpal landmarks","1","0","Direct annotated visual","1","Usable labels present; coverage limited to depicted targets","Unlabeled/reveal available","0","Verified source/license; originals or credited licensed/public-domain media","Phone/enlarged target geometry checked; current native/offline test not performed","asset-skeletal-atlas-hand-palmar","","",""
"skeletal-system","tarsal bones","5","0","Direct annotated visual","5","Usable labels present; coverage limited to depicted targets","Unlabeled/reveal available","1","Verified source/license; originals or credited licensed/public-domain media","Phone/enlarged target geometry checked; current native/offline test not performed","asset-skeletal-atlas-foot-dorsal","","",""
"skeletal-system","articular landmarks","3","0","Direct annotated visual","3","Usable labels present; coverage limited to depicted targets","Unlabeled/reveal available","0","Verified source/license; originals or credited licensed/public-domain media","Phone/enlarged target geometry checked; current native/offline test not performed","asset-skeletal-atlas-leg-tibia-fibula | asset-skeletal-atlas-knee-joint | asset-skeletal-atlas-foot-dorsal | asset-skeletal-atlas-femur","","",""
"anatomy-foundations","nervous system","1","0","Direct annotated visual","1","Usable labels present; coverage limited to depicted targets","Unlabeled/reveal available","0","Verified source/license; originals or credited licensed/public-domain media","Phone/enlarged target geometry checked; current native/offline test not performed","asset-atlas-organ-locations | asset-original-anatomical-planes | asset-original-body-cavities","","",""
"anatomy-foundations","cardiovascular","1","0","Direct annotated visual","1","Usable labels present; coverage limited to depicted targets","Unlabeled/reveal available","0","Verified source/license; originals or credited licensed/public-domain media","Phone/enlarged target geometry checked; current native/offline test not performed","asset-atlas-organ-locations | asset-original-anatomical-planes | asset-original-body-cavities","","",""
"anatomy-foundations","respiratory","1","0","Direct annotated visual","1","Usable labels present; coverage limited to depicted targets","Unlabeled/reveal available","0","Verified source/license; originals or credited licensed/public-domain media","Phone/enlarged target geometry checked; current native/offline test not performed","asset-atlas-organ-locations | asset-original-anatomical-planes | asset-original-body-cavities","","",""
"anatomy-foundations","digestive","2","0","Direct annotated visual","2","Usable labels present; coverage limited to depicted targets","Unlabeled/reveal available","0","Verified source/license; originals or credited licensed/public-domain media","Phone/enlarged target geometry checked; current native/offline test not performed","asset-atlas-organ-locations | asset-original-anatomical-planes | asset-original-body-cavities","","",""
"anatomy-foundations","urinary","1","0","Direct annotated visual","1","Usable labels present; coverage limited to depicted targets","Unlabeled/reveal available","0","Verified source/license; originals or credited licensed/public-domain media","Phone/enlarged target geometry checked; current native/offline test not performed","asset-atlas-body-cavities | asset-atlas-organ-locations | asset-original-anatomical-planes | asset-original-body-cavities","","",""
"anatomy-foundations","endocrine and digestive","1","0","Direct annotated visual","1","Usable labels present; coverage limited to depicted targets","Unlabeled/reveal available","0","Verified source/license; originals or credited licensed/public-domain media","Phone/enlarged target geometry checked; current native/offline test not performed","asset-atlas-organ-locations | asset-original-anatomical-planes | asset-original-body-cavities","","",""
"anatomy-foundations","endocrine","3","0","Lesson/context visual only; no structure-level label claim","0","Usable labels present; coverage limited to depicted targets","Unlabeled/reveal available","0","Verified source/license; originals or credited licensed/public-domain media","Phone/enlarged target geometry checked; current native/offline test not performed","asset-atlas-organ-locations | asset-original-anatomical-planes | asset-original-body-cavities","","",""
"anatomy-foundations","lymphatic","1","0","Direct annotated visual","1","Usable labels present; coverage limited to depicted targets","Unlabeled/reveal available","1","Verified source/license; originals or credited licensed/public-domain media","Phone/enlarged target geometry checked; current native/offline test not performed","asset-atlas-organ-locations | asset-original-anatomical-planes | asset-original-body-cavities","","",""
"anatomy-foundations","female reproductive","1","0","Lesson/context visual only; no structure-level label claim","0","Usable labels present; coverage limited to depicted targets","Unlabeled/reveal available","0","Verified source/license; originals or credited licensed/public-domain media","Phone/enlarged target geometry checked; current native/offline test not performed","asset-atlas-organ-locations | asset-original-anatomical-planes | asset-original-body-cavities","","",""
"anatomy-foundations","orientation","8","8","Direct annotated visual","8","Usable labels present; coverage limited to depicted targets","Unlabeled/reveal available","2","Verified source/license; originals or credited licensed/public-domain media","Phone/enlarged target geometry checked; current native/offline test not performed","asset-atlas-body-planes | asset-original-anatomical-planes | asset-atlas-body-cavities | asset-original-body-cavities","","",""
"anatomy-foundations","reference position","1","1","Lesson/context visual only; no structure-level label claim","0","Usable labels present; coverage limited to depicted targets","Unlabeled/reveal available","0","Verified source/license; originals or credited licensed/public-domain media","Phone/enlarged target geometry checked; current native/offline test not performed","asset-atlas-anterior-position | asset-atlas-posterior-position","","",""
"anatomy-foundations","direction","10","10","Direct annotated visual","1","Usable labels present; coverage limited to depicted targets","Unlabeled/reveal available","0","Verified source/license; originals or credited licensed/public-domain media","Phone/enlarged target geometry checked; current native/offline test not performed","asset-atlas-posterior-position | asset-atlas-anterior-position","","",""
"anatomy-foundations","section","2","2","Lesson/context visual only; no structure-level label claim","0","Usable labels present; coverage limited to depicted targets","Unlabeled/reveal available","0","Verified source/license; originals or credited licensed/public-domain media","Phone/enlarged target geometry checked; current native/offline test not performed","asset-atlas-body-planes | asset-original-anatomical-planes","","",""
"anatomy-foundations","body region","14","14","Direct annotated visual","11","Usable labels present; coverage limited to depicted targets","Unlabeled/reveal available","0","Verified source/license; originals or credited licensed/public-domain media","Phone/enlarged target geometry checked; current native/offline test not performed","asset-atlas-anterior-position | asset-atlas-posterior-position","","",""
"anatomy-foundations","surface landmark","2","2","Lesson/context visual only; no structure-level label claim","0","Usable labels present; coverage limited to depicted targets","Unlabeled/reveal available","0","Verified source/license; originals or credited licensed/public-domain media","Phone/enlarged target geometry checked; current native/offline test not performed","asset-atlas-anterior-position | asset-atlas-posterior-position","","",""
"anatomy-foundations","body cavity","4","4","Direct annotated visual","1","Usable labels present; coverage limited to depicted targets","Unlabeled/reveal available","1","Verified source/license; originals or credited licensed/public-domain media","Phone/enlarged target geometry checked; current native/offline test not performed","asset-atlas-body-cavities | asset-original-body-cavities","","",""
"anatomy-foundations","thoracic compartment","1","1","Lesson/context visual only; no structure-level label claim","0","Usable labels present; coverage limited to depicted targets","Unlabeled/reveal available","0","Verified source/license; originals or credited licensed/public-domain media","Phone/enlarged target geometry checked; current native/offline test not performed","asset-atlas-body-cavities | asset-original-body-cavities","","",""
"anatomy-foundations","serous membrane","6","6","Direct annotated visual","2","Usable labels present; coverage limited to depicted targets","Unlabeled/reveal available","0","Verified source/license; originals or credited licensed/public-domain media","Phone/enlarged target geometry checked; current native/offline test not performed","asset-atlas-body-cavities","","",""
"anatomy-foundations","serous space","1","1","Lesson/context visual only; no structure-level label claim","0","Usable labels present; coverage limited to depicted targets","Unlabeled/reveal available","0","Verified source/license; originals or credited licensed/public-domain media","Phone/enlarged target geometry checked; current native/offline test not performed","asset-atlas-body-cavities","","",""
"anatomy-foundations","anatomical relationship","1","1","Lesson/context visual only; no structure-level label claim","0","Usable labels present; coverage limited to depicted targets","Unlabeled/reveal available","0","Verified source/license; originals or credited licensed/public-domain media","Phone/enlarged target geometry checked; current native/offline test not performed","asset-atlas-body-cavities","","",""
"anatomy-foundations","abdominal quadrant","4","4","Direct annotated visual","4","Usable labels present; coverage limited to depicted targets","Unlabeled/reveal available","1","Verified source/license; originals or credited licensed/public-domain media","Phone/enlarged target geometry checked; current native/offline test not performed","asset-atlas-abdominal-quadrants | asset-atlas-abdominal-regions","","",""
"anatomy-foundations","abdominal region","9","9","Direct annotated visual","9","Usable labels present; coverage limited to depicted targets","Unlabeled/reveal available","0","Verified source/license; originals or credited licensed/public-domain media","Phone/enlarged target geometry checked; current native/offline test not performed","asset-atlas-abdominal-regions | asset-atlas-abdominal-quadrants","","",""
"anatomy-foundations","structural organization","3","3","Lesson/context visual only; no structure-level label claim","0","Usable labels present; coverage limited to depicted targets","Unlabeled/reveal available","0","Verified source/license; originals or credited licensed/public-domain media","Phone/enlarged target geometry checked; current native/offline test not performed","asset-atlas-organ-locations","","",""
"anatomy-foundations","early development","6","6","Text-only; not expanded in this bounded audit","0","Not applicable","Not applicable","0","Not applicable","No current device-render evidence","","","",""
"anatomy-foundations","blastocyst space","1","1","Text-only; not expanded in this bounded audit","0","Not applicable","Not applicable","0","Not applicable","No current device-render evidence","","","",""
"anatomy-foundations","blastocyst compartment","2","2","Text-only; not expanded in this bounded audit","0","Not applicable","Not applicable","0","Not applicable","No current device-render evidence","","","",""
"anatomy-foundations","uterine attachment","1","1","Text-only; not expanded in this bounded audit","0","Not applicable","Not applicable","0","Not applicable","No current device-render evidence","","","",""
"anatomy-foundations","germ-layer formation","2","2","Text-only; not expanded in this bounded audit","0","Not applicable","Not applicable","0","Not applicable","No current device-render evidence","","","",""
"anatomy-foundations","embryonic germ layer","3","3","Text-only; not expanded in this bounded audit","0","Not applicable","Not applicable","0","Not applicable","No current device-render evidence","","","",""
"anatomy-foundations","neural development","3","3","Text-only; not expanded in this bounded audit","0","Not applicable","Not applicable","0","Not applicable","No current device-render evidence","","","",""
"anatomy-foundations","axial development","1","1","Text-only; not expanded in this bounded audit","0","Not applicable","Not applicable","0","Not applicable","No current device-render evidence","","","",""
"anatomy-foundations","paraxial development","1","1","Text-only; not expanded in this bounded audit","0","Not applicable","Not applicable","0","Not applicable","No current device-render evidence","","","",""
"anatomy-foundations","body form","2","2","Text-only; not expanded in this bounded audit","0","Not applicable","Not applicable","0","Not applicable","No current device-render evidence","","","",""
"anatomy-foundations","extraembryonic membrane","2","2","Text-only; not expanded in this bounded audit","0","Not applicable","Not applicable","0","Not applicable","No current device-render evidence","","","",""
"anatomy-foundations","placental interface","1","1","Text-only; not expanded in this bounded audit","0","Not applicable","Not applicable","0","Not applicable","No current device-render evidence","","","",""
"anatomy-foundations","maternal-fetal interface","1","1","Text-only; not expanded in this bounded audit","0","Not applicable","Not applicable","0","Not applicable","No current device-render evidence","","","",""
"anatomy-foundations","placental connection","1","1","Text-only; not expanded in this bounded audit","0","Not applicable","Not applicable","0","Not applicable","No current device-render evidence","","","",""
"joints-ligaments","joint classification","3","0","Direct annotated visual","1","Usable labels present; coverage limited to depicted targets","Unlabeled/reveal available","0","Verified source/license; originals or credited licensed/public-domain media","Phone/enlarged target geometry checked; current native/offline test not performed","asset-skeletal-atlas-synovial-joint | asset-servier-elbow-joint","","",""
"joints-ligaments","fibrous joints","3","0","Lesson/context visual only; no structure-level label claim","0","Usable labels present; coverage limited to depicted targets","Unlabeled/reveal available","0","Verified source/license; originals or credited licensed/public-domain media","No current device-render evidence","asset-servier-elbow-joint","","",""
"joints-ligaments","cartilaginous joints","2","0","Lesson/context visual only; no structure-level label claim","0","Usable labels present; coverage limited to depicted targets","Unlabeled/reveal available","0","Verified source/license; originals or credited licensed/public-domain media","No current device-render evidence","asset-servier-elbow-joint","","",""
"joints-ligaments","synovial features","6","0","Direct annotated visual","6","Usable labels present; coverage limited to depicted targets","Unlabeled/reveal available","4","Verified source/license; originals or credited licensed/public-domain media","Phone/enlarged target geometry checked; current native/offline test not performed","asset-servier-elbow-joint | asset-skeletal-atlas-synovial-joint","","",""
"joints-ligaments","head and neck joints","1","0","Text-only; not expanded in this bounded audit","0","Not applicable","Not applicable","0","Not applicable","No current device-render evidence","","","",""
"joints-ligaments","upper limb joints","5","0","Direct annotated visual","1","Usable labels present; coverage limited to depicted targets","Unlabeled/reveal available","0","Verified source/license; originals or credited licensed/public-domain media","Phone/enlarged target geometry checked; current native/offline test not performed","asset-skeletal-atlas-shoulder-joint","","",""
"joints-ligaments","lower limb joints","3","0","Direct annotated visual","1","Usable labels present; coverage limited to depicted targets","Unlabeled/reveal available","0","Verified source/license; originals or credited licensed/public-domain media","Phone/enlarged target geometry checked; current native/offline test not performed","asset-skeletal-atlas-knee-joint","","",""
"joints-ligaments","axial joints","2","0","Text-only; not expanded in this bounded audit","0","Not applicable","Not applicable","0","Not applicable","No current device-render evidence","","","",""
"joints-ligaments","knee ligaments","5","0","Direct annotated visual","5","Usable labels present; coverage limited to depicted targets","Unlabeled/reveal available","1","Verified source/license; originals or credited licensed/public-domain media","Phone/enlarged target geometry checked; current native/offline test not performed","asset-skeletal-atlas-knee-joint | asset-skeletal-atlas-shoulder-joint","","",""
"joints-ligaments","ankle ligaments","1","0","Lesson/context visual only; no structure-level label claim","0","Usable labels present; coverage limited to depicted targets","Unlabeled/reveal available","0","Verified source/license; originals or credited licensed/public-domain media","Phone/enlarged target geometry checked; current native/offline test not performed","asset-skeletal-atlas-knee-joint | asset-skeletal-atlas-shoulder-joint","","",""
"joints-ligaments","shoulder ligaments","2","0","Direct annotated visual","2","Usable labels present; coverage limited to depicted targets","Unlabeled/reveal available","0","Verified source/license; originals or credited licensed/public-domain media","Phone/enlarged target geometry checked; current native/offline test not performed","asset-skeletal-atlas-shoulder-joint | asset-skeletal-atlas-pectoral-girdle | asset-skeletal-atlas-knee-joint","","",""
"joints-ligaments","elbow ligaments","1","0","Lesson/context visual only; no structure-level label claim","0","Usable labels present; coverage limited to depicted targets","Unlabeled/reveal available","0","Verified source/license; originals or credited licensed/public-domain media","Phone/enlarged target geometry checked; current native/offline test not performed","asset-skeletal-atlas-shoulder-joint","","",""
"joints-ligaments","forearm relationships","1","0","Direct annotated visual","1","Usable labels present; coverage limited to depicted targets","Unlabeled/reveal available","0","Verified source/license; originals or credited licensed/public-domain media","Phone/enlarged target geometry checked; current native/offline test not performed","asset-skeletal-atlas-forearm | asset-skeletal-atlas-shoulder-joint","","",""
"joints-ligaments","hip ligaments","1","0","Lesson/context visual only; no structure-level label claim","0","Usable labels present; coverage limited to depicted targets","Unlabeled/reveal available","0","Verified source/license; originals or credited licensed/public-domain media","Phone/enlarged target geometry checked; current native/offline test not performed","asset-skeletal-atlas-knee-joint","","",""
"muscular-system","facial expression","4","1","Direct annotated visual","4","Usable labels present; coverage limited to depicted targets","Unlabeled/reveal available","4","Verified source/license; originals or credited licensed/public-domain media","Phone/enlarged target geometry checked; current native/offline test not performed","asset-openstax-muscle-face-neck | asset-openstax-muscle-labeled-overview | asset-openstax-muscle-anterior-arm | asset-openstax-diaphragm-labeled","","",""
"muscular-system","neck muscles","3","1","Direct annotated visual","3","Usable labels present; coverage limited to depicted targets","Unlabeled/reveal available","3","Verified source/license; originals or credited licensed/public-domain media","Phone/enlarged target geometry checked; current native/offline test not performed","asset-openstax-muscle-labeled-overview | asset-openstax-muscle-face-neck | asset-openstax-muscle-anterior-trunk | asset-openstax-muscle-anterior-arm | asset-openstax-diaphragm-labeled","","",""
"muscular-system","back muscles","7","2","Direct annotated visual","7","Usable labels present; coverage limited to depicted targets","Unlabeled/reveal available","8","Verified source/license; originals or credited licensed/public-domain media","Phone/enlarged target geometry checked; current native/offline test not performed","asset-openstax-muscle-labeled-overview | asset-openstax-muscle-posterior-back | asset-muscular-atlas-deep-back | asset-openstax-muscle-anterior-trunk | asset-openstax-diaphragm-labeled | asset-muscular-atlas-pelvic-floor | asset-openstax-muscle-face-neck | asset-openstax-muscle-anterior-arm","","",""
"muscular-system","thoracic muscles","4","2","Direct annotated visual","4","Usable labels present; coverage limited to depicted targets","Unlabeled/reveal available","4","Verified source/license; originals or credited licensed/public-domain media","Phone/enlarged target geometry checked; current native/offline test not performed","asset-openstax-muscle-labeled-overview | asset-openstax-muscle-anterior-trunk | asset-openstax-muscle-posterior-back | asset-openstax-diaphragm-labeled | asset-muscular-atlas-deep-back | asset-muscular-atlas-pelvic-floor | asset-openstax-muscle-face-neck | asset-openstax-muscle-anterior-arm","","",""
"muscular-system","respiratory muscles","1","0","Direct annotated visual","1","Usable labels present; coverage limited to depicted targets","Unlabeled/reveal available","1","Verified source/license; originals or credited licensed/public-domain media","Phone/enlarged target geometry checked; current native/offline test not performed","asset-openstax-diaphragm-labeled | asset-atlas-body-cavities | asset-openstax-muscle-anterior-trunk | asset-openstax-muscle-posterior-back | asset-muscular-atlas-deep-back | asset-muscular-atlas-pelvic-floor | asset-openstax-muscle-labeled-overview | asset-openstax-muscle-face-neck | asset-openstax-muscle-anterior-arm","","",""
"muscular-system","shoulder muscles","2","0","Direct annotated visual","2","Usable labels present; coverage limited to depicted targets","Unlabeled/reveal available","2","Verified source/license; originals or credited licensed/public-domain media","Phone/enlarged target geometry checked; current native/offline test not performed","asset-openstax-muscle-labeled-overview | asset-openstax-muscle-anterior-trunk | asset-openstax-muscle-posterior-back | asset-injurymap-rotator-cuff-labeled | asset-openstax-muscle-anterior-arm | asset-muscular-atlas-posterior-arm | asset-openstax-muscle-face-neck | asset-openstax-diaphragm-labeled","","",""
"muscular-system","rotator cuff","4","0","Direct annotated visual","4","Usable labels present; coverage limited to depicted targets","Unlabeled/reveal available","5","Verified source/license; originals or credited licensed/public-domain media","Phone/enlarged target geometry checked; current native/offline test not performed","asset-openstax-muscle-labeled-overview | asset-openstax-muscle-posterior-back | asset-muscular-atlas-deep-back | asset-injurymap-rotator-cuff-labeled | asset-openstax-muscle-anterior-trunk | asset-openstax-muscle-face-neck | asset-openstax-muscle-anterior-arm | asset-openstax-diaphragm-labeled","","",""
"muscular-system","arm muscles","5","0","Direct annotated visual","5","Usable labels present; coverage limited to depicted targets","Unlabeled/reveal available","5","Verified source/license; originals or credited licensed/public-domain media","Phone/enlarged target geometry checked; current native/offline test not performed","asset-openstax-muscle-labeled-overview | asset-openstax-muscle-anterior-trunk | asset-openstax-muscle-posterior-back | asset-openstax-muscle-anterior-arm | asset-muscular-atlas-posterior-arm | asset-muscular-atlas-forearm | asset-injurymap-rotator-cuff-labeled | asset-muscular-atlas-hand | asset-openstax-muscle-face-neck | asset-openstax-diaphragm-labeled","","",""
"muscular-system","forearm muscles","4","0","Direct annotated visual","4","Usable labels present; coverage limited to depicted targets","Unlabeled/reveal available","4","Verified source/license; originals or credited licensed/public-domain media","Phone/enlarged target geometry checked; current native/offline test not performed","asset-openstax-muscle-anterior-arm | asset-muscular-atlas-forearm | asset-openstax-muscle-posterior-back | asset-muscular-atlas-posterior-arm | asset-muscular-atlas-hand | asset-openstax-muscle-labeled-overview | asset-openstax-muscle-face-neck | asset-openstax-diaphragm-labeled","","",""
"muscular-system","abdominal muscles","5","0","Direct annotated visual","5","Usable labels present; coverage limited to depicted targets","Unlabeled/reveal available","5","Verified source/license; originals or credited licensed/public-domain media","Phone/enlarged target geometry checked; current native/offline test not performed","asset-openstax-muscle-labeled-overview | asset-openstax-muscle-anterior-trunk | asset-muscular-atlas-deep-back | asset-muscular-atlas-abdominal-wall | asset-openstax-muscle-face-neck | asset-openstax-muscle-anterior-arm | asset-openstax-diaphragm-labeled","","",""
"muscular-system","gluteal muscles","3","1","Direct annotated visual","3","Usable labels present; coverage limited to depicted targets","Unlabeled/reveal available","4","Verified source/license; originals or credited licensed/public-domain media","Phone/enlarged target geometry checked; current native/offline test not performed","asset-openstax-muscle-labeled-overview | asset-openstax-muscle-anterior-leg | asset-openstax-muscle-posterior-leg | asset-muscular-atlas-gluteal | asset-muscular-atlas-deep-thigh | asset-openstax-muscle-face-neck | asset-openstax-muscle-anterior-arm | asset-openstax-diaphragm-labeled","","",""
"muscular-system","hip muscles","1","0","Direct annotated visual","1","Usable labels present; coverage limited to depicted targets","Unlabeled/reveal available","1","Verified source/license; originals or credited licensed/public-domain media","Phone/enlarged target geometry checked; current native/offline test not performed","asset-openstax-muscle-anterior-leg | asset-openstax-muscle-posterior-leg | asset-muscular-atlas-gluteal | asset-muscular-atlas-deep-thigh | asset-openstax-muscle-labeled-overview | asset-openstax-muscle-face-neck | asset-openstax-muscle-anterior-arm | asset-openstax-diaphragm-labeled","","",""
"muscular-system","medial thigh","2","0","Direct annotated visual","2","Usable labels present; coverage limited to depicted targets","Unlabeled/reveal available","3","Verified source/license; originals or credited licensed/public-domain media","Phone/enlarged target geometry checked; current native/offline test not performed","asset-openstax-muscle-labeled-overview | asset-openstax-muscle-anterior-leg | asset-openstax-muscle-posterior-leg | asset-muscular-atlas-gluteal | asset-muscular-atlas-deep-thigh | asset-openstax-muscle-face-neck | asset-openstax-muscle-anterior-arm | asset-openstax-diaphragm-labeled","","",""
"muscular-system","anterior thigh","1","0","Direct annotated visual","1","Usable labels present; coverage limited to depicted targets","Unlabeled/reveal available","2","Verified source/license; originals or credited licensed/public-domain media","Phone/enlarged target geometry checked; current native/offline test not performed","asset-openstax-muscle-labeled-overview | asset-openstax-muscle-anterior-leg | asset-openstax-muscle-posterior-leg | asset-muscular-atlas-gluteal | asset-muscular-atlas-deep-thigh | asset-openstax-muscle-face-neck | asset-openstax-muscle-anterior-arm | asset-openstax-diaphragm-labeled","","",""
"muscular-system","quadriceps","4","0","Direct annotated visual","4","Usable labels present; coverage limited to depicted targets","Unlabeled/reveal available","4","Verified source/license; originals or credited licensed/public-domain media","Phone/enlarged target geometry checked; current native/offline test not performed","asset-openstax-muscle-labeled-overview | asset-openstax-muscle-anterior-leg | asset-muscular-atlas-deep-thigh | asset-openstax-muscle-posterior-leg | asset-muscular-atlas-gluteal | asset-openstax-muscle-face-neck | asset-openstax-muscle-anterior-arm | asset-openstax-diaphragm-labeled","","",""
"muscular-system","knee muscles","1","0","Direct annotated visual","1","Usable labels present; coverage limited to depicted targets","Unlabeled/reveal available","1","Verified source/license; originals or credited licensed/public-domain media","Phone/enlarged target geometry checked; current native/offline test not performed","asset-muscular-atlas-deep-thigh | asset-openstax-muscle-anterior-leg | asset-openstax-muscle-posterior-leg | asset-muscular-atlas-gluteal | asset-openstax-muscle-labeled-overview | asset-openstax-muscle-face-neck | asset-openstax-muscle-anterior-arm | asset-openstax-diaphragm-labeled","","",""
"muscular-system","hamstrings","3","0","Direct annotated visual","3","Usable labels present; coverage limited to depicted targets","Unlabeled/reveal available","4","Verified source/license; originals or credited licensed/public-domain media","Phone/enlarged target geometry checked; current native/offline test not performed","asset-openstax-muscle-labeled-overview | asset-openstax-muscle-posterior-leg | asset-muscular-atlas-deep-thigh | asset-openstax-muscle-anterior-leg | asset-muscular-atlas-gluteal | asset-openstax-muscle-face-neck | asset-openstax-muscle-anterior-arm | asset-openstax-diaphragm-labeled","","",""
"muscular-system","leg muscles","3","1","Direct annotated visual","3","Usable labels present; coverage limited to depicted targets","Unlabeled/reveal available","5","Verified source/license; originals or credited licensed/public-domain media","Phone/enlarged target geometry checked; current native/offline test not performed","asset-openstax-muscle-labeled-overview | asset-muscular-atlas-anterior-leg | asset-muscular-atlas-calf | asset-openstax-muscle-anterior-leg | asset-openstax-muscle-posterior-leg | asset-muscular-atlas-foot | asset-openstax-muscle-face-neck | asset-openstax-muscle-anterior-arm | asset-openstax-diaphragm-labeled","","",""
"muscular-system","calf muscles","2","1","Direct annotated visual","2","Usable labels present; coverage limited to depicted targets","Unlabeled/reveal available","2","Verified source/license; originals or credited licensed/public-domain media","Phone/enlarged target geometry checked; current native/offline test not performed","asset-openstax-muscle-labeled-overview | asset-openstax-muscle-posterior-leg | asset-muscular-atlas-calf | asset-openstax-muscle-anterior-leg | asset-muscular-atlas-anterior-leg | asset-muscular-atlas-foot | asset-openstax-muscle-face-neck | asset-openstax-muscle-anterior-arm | asset-openstax-diaphragm-labeled","","",""
"muscular-system","muscles of mastication","2","2","Direct annotated visual","2","Usable labels present; coverage limited to depicted targets","Unlabeled/reveal available","3","Verified source/license; originals or credited licensed/public-domain media","Phone/enlarged target geometry checked; current native/offline test not performed","asset-openstax-muscle-face-neck | asset-openstax-muscle-labeled-overview","","",""
"muscular-system","hypothenar hand","1","0","Direct annotated visual","1","Usable labels present; coverage limited to depicted targets","Unlabeled/reveal available","2","Verified source/license; originals or credited licensed/public-domain media","Phone/enlarged target geometry checked; current native/offline test not performed","asset-muscular-atlas-hand | asset-openstax-muscle-anterior-arm | asset-openstax-muscle-posterior-back | asset-muscular-atlas-posterior-arm | asset-muscular-atlas-forearm","","",""
"muscular-system","thenar hand","2","0","Direct annotated visual","2","Usable labels present; coverage limited to depicted targets","Unlabeled/reveal available","4","Verified source/license; originals or credited licensed/public-domain media","Phone/enlarged target geometry checked; current native/offline test not performed","asset-muscular-atlas-hand | asset-openstax-muscle-anterior-arm | asset-openstax-muscle-posterior-back | asset-muscular-atlas-posterior-arm | asset-muscular-atlas-forearm","","",""
"muscular-system","intrinsic hand","1","0","Direct annotated visual","1","Usable labels present; coverage limited to depicted targets","Unlabeled/reveal available","2","Verified source/license; originals or credited licensed/public-domain media","Phone/enlarged target geometry checked; current native/offline test not performed","asset-muscular-atlas-hand | asset-openstax-muscle-anterior-arm | asset-openstax-muscle-posterior-back | asset-muscular-atlas-posterior-arm | asset-muscular-atlas-forearm","","",""
"muscular-system","plantar foot","3","0","Direct annotated visual","3","Usable labels present; coverage limited to depicted targets","Unlabeled/reveal available","6","Verified source/license; originals or credited licensed/public-domain media","Phone/enlarged target geometry checked; current native/offline test not performed","asset-muscular-atlas-foot | asset-openstax-muscle-anterior-leg | asset-openstax-muscle-posterior-leg | asset-muscular-atlas-anterior-leg | asset-muscular-atlas-calf","","",""
"muscular-system","dorsal foot","1","0","Direct annotated visual","1","Usable labels present; coverage limited to depicted targets","Unlabeled/reveal available","2","Verified source/license; originals or credited licensed/public-domain media","Phone/enlarged target geometry checked; current native/offline test not performed","asset-muscular-atlas-foot | asset-openstax-muscle-anterior-leg | asset-openstax-muscle-posterior-leg | asset-muscular-atlas-anterior-leg | asset-muscular-atlas-calf","","",""
"muscular-system","pelvic diaphragm","3","0","Direct annotated visual","3","Usable labels present; coverage limited to depicted targets","Unlabeled/reveal available","3","Verified source/license; originals or credited licensed/public-domain media","Phone/enlarged target geometry checked; current native/offline test not performed","asset-muscular-atlas-pelvic-floor | asset-openstax-muscle-anterior-trunk | asset-openstax-muscle-posterior-back | asset-openstax-diaphragm-labeled | asset-muscular-atlas-deep-back","","",""
"muscular-system","deep posterior leg","1","0","Direct annotated visual","1","Usable labels present; coverage limited to depicted targets","Unlabeled/reveal available","1","Verified source/license; originals or credited licensed/public-domain media","Phone/enlarged target geometry checked; current native/offline test not performed","asset-muscular-atlas-calf | asset-openstax-muscle-anterior-leg | asset-openstax-muscle-posterior-leg | asset-muscular-atlas-anterior-leg | asset-muscular-atlas-foot","","",""
"nervous-system","brain regions","2","0","Direct annotated visual","2","Usable labels present; coverage limited to depicted targets","Unlabeled/reveal available","2","Verified source/license; originals or credited licensed/public-domain media","Phone/enlarged target geometry checked; current native/offline test not performed","asset-servier-brain-lateral | asset-servier-brain-sagittal | asset-bvis04-deep-nuclei","","",""
"nervous-system","cerebral lobes","5","0","Direct annotated visual","5","Usable labels present; coverage limited to depicted targets","Unlabeled/reveal available","5","Verified source/license; originals or credited licensed/public-domain media","Phone/enlarged target geometry checked; current native/offline test not performed","asset-servier-brain-lateral | asset-bvis04-deep-nuclei | asset-servier-brain-sagittal","","",""
"nervous-system","diencephalon","3","0","Direct annotated visual","3","Usable labels present; coverage limited to depicted targets","Unlabeled/reveal available","3","Verified source/license; originals or credited licensed/public-domain media","Phone/enlarged target geometry checked; current native/offline test not performed","asset-servier-brain-sagittal | asset-bvis04-deep-nuclei","","",""
"nervous-system","deep brain","1","0","Direct annotated visual","1","Usable labels present; coverage limited to depicted targets","Unlabeled/reveal available","0","Verified source/license; originals or credited licensed/public-domain media","Phone/enlarged target geometry checked; current native/offline test not performed","asset-bvis04-deep-nuclei | asset-servier-brain-sagittal","","",""
"nervous-system","basal nuclei","3","0","Direct annotated visual","3","Usable labels present; coverage limited to depicted targets","Unlabeled/reveal available","3","Verified source/license; originals or credited licensed/public-domain media","Phone/enlarged target geometry checked; current native/offline test not performed","asset-bvis04-deep-nuclei | asset-servier-brain-sagittal","","",""
"nervous-system","ventricles","4","0","Direct annotated visual","4","Usable labels present; coverage limited to depicted targets","Unlabeled/reveal available","4","Verified source/license; originals or credited licensed/public-domain media","Phone/enlarged target geometry checked; current native/offline test not performed","asset-servier-brain-sagittal | asset-bvis04-deep-nuclei | asset-bvis04-csf-meninges | asset-bvis04-brainstem-cerebellum","","",""
"nervous-system","CSF structures","1","0","Direct annotated visual","1","Usable labels present; coverage limited to depicted targets","Unlabeled/reveal available","0","Verified source/license; originals or credited licensed/public-domain media","Phone/enlarged target geometry checked; current native/offline test not performed","asset-bvis04-csf-meninges | asset-servier-brain-sagittal","","",""
"nervous-system","protective structures","1","0","Direct annotated visual","1","Usable labels present; coverage limited to depicted targets","Unlabeled/reveal available","0","Verified source/license; originals or credited licensed/public-domain media","Phone/enlarged target geometry checked; current native/offline test not performed","asset-bvis04-csf-meninges | asset-servier-brain-sagittal","","",""
"nervous-system","meninges","3","0","Direct annotated visual","3","Usable labels present; coverage limited to depicted targets","Unlabeled/reveal available","3","Verified source/license; originals or credited licensed/public-domain media","Phone/enlarged target geometry checked; current native/offline test not performed","asset-bvis04-csf-meninges | asset-servier-brain-sagittal","","",""
"nervous-system","CSF","1","0","Direct annotated visual","1","Usable labels present; coverage limited to depicted targets","Unlabeled/reveal available","1","Verified source/license; originals or credited licensed/public-domain media","Phone/enlarged target geometry checked; current native/offline test not performed","asset-bvis04-csf-meninges | asset-servier-brain-sagittal","","",""
"nervous-system","brainstem","3","0","Direct annotated visual","3","Usable labels present; coverage limited to depicted targets","Unlabeled/reveal available","4","Verified source/license; originals or credited licensed/public-domain media","Phone/enlarged target geometry checked; current native/offline test not performed","asset-servier-brain-sagittal | asset-bvis04-brainstem-cerebellum","","",""
"nervous-system","hindbrain","1","0","Direct annotated visual","1","Usable labels present; coverage limited to depicted targets","Unlabeled/reveal available","2","Verified source/license; originals or credited licensed/public-domain media","Phone/enlarged target geometry checked; current native/offline test not performed","asset-servier-brain-sagittal | asset-bvis04-brainstem-cerebellum","","",""
"nervous-system","cerebellum","1","0","Direct annotated visual","1","Usable labels present; coverage limited to depicted targets","Unlabeled/reveal available","1","Verified source/license; originals or credited licensed/public-domain media","Phone/enlarged target geometry checked; current native/offline test not performed","asset-bvis04-brainstem-cerebellum | asset-servier-brain-sagittal","","",""
"nervous-system","spinal cord","2","0","Direct annotated visual","2","Usable labels present; coverage limited to depicted targets","Unlabeled/reveal available","3","Verified source/license; originals or credited licensed/public-domain media","Phone/enlarged target geometry checked; current native/offline test not performed","asset-bvis04-brainstem-cerebellum | asset-bvis04-spinal-cross-section | asset-bvis04-spinal-roots-rami | asset-bvis04-plexus-overview","asset-openstax-spinal-cord-specimen","",""
"nervous-system","spinal cord gray matter","2","0","Direct annotated visual","2","Usable labels present; coverage limited to depicted targets","Unlabeled/reveal available","2","Verified source/license; originals or credited licensed/public-domain media","Phone/enlarged target geometry checked; current native/offline test not performed","asset-bvis04-spinal-cross-section | asset-bvis04-brainstem-cerebellum | asset-bvis04-spinal-roots-rami","asset-openstax-spinal-cord-specimen","",""
"nervous-system","spinal nerves","5","0","Direct annotated visual","5","Usable labels present; coverage limited to depicted targets","Unlabeled/reveal available","7","Verified source/license; originals or credited licensed/public-domain media","Phone/enlarged target geometry checked; current native/offline test not performed","asset-bvis04-spinal-cross-section | asset-bvis04-spinal-roots-rami | asset-bvis04-brainstem-cerebellum","asset-openstax-spinal-cord-specimen","",""
"nervous-system","neural pathways","3","0","Direct annotated visual","3","Usable labels present; coverage limited to depicted targets","Unlabeled/reveal available","3","Verified source/license; originals or credited licensed/public-domain media","Phone/enlarged target geometry checked; current native/offline test not performed","asset-bvis04-spinal-cross-section","","",""
"nervous-system","cranial nerves","12","0","Direct annotated visual","12","Usable labels present; coverage limited to depicted targets","Unlabeled/reveal available","14","Verified source/license; originals or credited licensed/public-domain media","Phone/enlarged target geometry checked; current native/offline test not performed","asset-bvis04-cranial-nerves-i-vi | asset-bvis04-cranial-nerves-vii-xii","","",""
"nervous-system","nerve plexuses","4","0","Direct annotated visual","4","Usable labels present; coverage limited to depicted targets","Unlabeled/reveal available","4","Verified source/license; originals or credited licensed/public-domain media","Phone/enlarged target geometry checked; current native/offline test not performed","asset-bvis04-plexus-overview | asset-bvis04-upper-limb-nerves | asset-bvis04-lower-limb-nerves","","",""
"nervous-system","peripheral nerves","6","0","Direct annotated visual","6","Usable labels present; coverage limited to depicted targets","Unlabeled/reveal available","12","Verified source/license; originals or credited licensed/public-domain media","Phone/enlarged target geometry checked; current native/offline test not performed","asset-bvis04-plexus-overview | asset-bvis04-upper-limb-nerves | asset-bvis04-lower-limb-nerves","","",""
"integumentary-system","skin layers","3","0","Direct annotated visual","3","Usable labels present; coverage limited to depicted targets","Unlabeled/reveal available","3","Verified source/license; originals or credited licensed/public-domain media","Phone/enlarged target geometry checked; current native/offline test not performed","asset-openstax-historical-skin-structure | asset-bvis04-dermis-hypodermis | asset-bvis04-epidermis-strata","","",""
"integumentary-system","epidermal strata","5","0","Direct annotated visual","5","Usable labels present; coverage limited to depicted targets","Unlabeled/reveal available","4","Verified source/license; originals or credited licensed/public-domain media","Phone/enlarged target geometry checked; current native/offline test not performed","asset-bvis04-epidermis-strata | asset-openstax-historical-skin-structure | asset-bvis04-dermis-hypodermis","","",""
"integumentary-system","skin cells","4","0","Direct annotated visual","4","Usable labels present; coverage limited to depicted targets","Unlabeled/reveal available","2","Verified source/license; originals or credited licensed/public-domain media","Phone/enlarged target geometry checked; current native/offline test not performed","asset-bvis04-epidermis-strata","","",""
"integumentary-system","dermis","6","0","Direct annotated visual","6","Usable labels present; coverage limited to depicted targets","Unlabeled/reveal available","1","Verified source/license; originals or credited licensed/public-domain media","Phone/enlarged target geometry checked; current native/offline test not performed","asset-openstax-historical-skin-structure | asset-bvis04-epidermis-strata | asset-bvis04-dermis-hypodermis","","",""
"integumentary-system","skin glands","6","0","Direct annotated visual","5","Usable labels present; coverage limited to depicted targets","Unlabeled/reveal available","5","Verified source/license; originals or credited licensed/public-domain media","Phone/enlarged target geometry checked; current native/offline test not performed","asset-openstax-historical-skin-structure | asset-gray946-sweat-gland | asset-bvis04-hair-follicle","","",""
"integumentary-system","hair","6","0","Direct annotated visual","6","Usable labels present; coverage limited to depicted targets","Unlabeled/reveal available","3","Verified source/license; originals or credited licensed/public-domain media","Phone/enlarged target geometry checked; current native/offline test not performed","asset-openstax-historical-skin-structure | asset-bvis04-hair-follicle | asset-bvis04-nail-section","","",""
"integumentary-system","nails","4","0","Direct annotated visual","4","Usable labels present; coverage limited to depicted targets","Unlabeled/reveal available","1","Verified source/license; originals or credited licensed/public-domain media","Phone/enlarged target geometry checked; current native/offline test not performed","asset-bvis04-nail-section | asset-openstax-historical-skin-structure | asset-bvis04-hair-follicle","","",""
"integumentary-system","sensory receptors","4","0","Direct annotated visual","4","Usable labels present; coverage limited to depicted targets","Unlabeled/reveal available","3","Verified source/license; originals or credited licensed/public-domain media","Phone/enlarged target geometry checked; current native/offline test not performed","asset-openstax-historical-skin-structure | asset-bvis04-epidermis-strata","","",""
"special-senses","eye coats","7","0","Direct annotated visual","7","Usable labels present; coverage limited to depicted targets","Unlabeled/reveal available","5","Verified source/license; originals or credited licensed/public-domain media","Phone/enlarged target geometry checked; current native/offline test not performed","asset-servier-eye-section | asset-bvis04-eye-anterior-segment | asset-gray880-optic-nerve-head","","",""
"special-senses","eye chambers","6","0","Direct annotated visual","6","Usable labels present; coverage limited to depicted targets","Unlabeled/reveal available","3","Verified source/license; originals or credited licensed/public-domain media","Phone/enlarged target geometry checked; current native/offline test not performed","asset-servier-eye-section | asset-bvis04-eye-anterior-segment | asset-gray880-optic-nerve-head","","",""
"special-senses","eye optics","2","0","Direct annotated visual","2","Usable labels present; coverage limited to depicted targets","Unlabeled/reveal available","3","Verified source/license; originals or credited licensed/public-domain media","Phone/enlarged target geometry checked; current native/offline test not performed","asset-servier-eye-section | asset-bvis04-eye-anterior-segment | asset-gray880-optic-nerve-head | asset-bvis04-retina-layers","","",""
"special-senses","retina","9","0","Direct annotated visual","9","Usable labels present; coverage limited to depicted targets","Unlabeled/reveal available","5","Verified source/license; originals or credited licensed/public-domain media","Phone/enlarged target geometry checked; current native/offline test not performed","asset-servier-eye-section | asset-gray880-optic-nerve-head | asset-bvis04-retina-layers | asset-bvis04-eye-anterior-segment","","",""
"special-senses","accessory eye structures","2","0","Text-only; not expanded in this bounded audit","0","Not applicable","Not applicable","0","Not applicable","No current device-render evidence","","","",""
"special-senses","lacrimal apparatus","3","0","Text-only; not expanded in this bounded audit","0","Not applicable","Not applicable","0","Not applicable","No current device-render evidence","","","",""
"special-senses","eye pathways","5","0","Direct annotated visual","2","Usable labels present; coverage limited to depicted targets","Unlabeled/reveal available","2","Verified source/license; originals or credited licensed/public-domain media","Phone/enlarged target geometry checked; current native/offline test not performed","asset-servier-eye-section | asset-gray880-optic-nerve-head | asset-bvis04-cranial-nerves-i-vi | asset-bvis04-smell-taste","","",""
"special-senses","extraocular muscles","7","0","Text-only; not expanded in this bounded audit","0","Not applicable","Not applicable","0","Not applicable","No current device-render evidence","","","",""
"special-senses","external ear","2","0","Direct annotated visual","2","Usable labels present; coverage limited to depicted targets","Unlabeled/reveal available","2","Verified source/license; originals or credited licensed/public-domain media","Phone/enlarged target geometry checked; current native/offline test not performed","asset-servier-ear-section | asset-bvis04-middle-ear","","",""
"special-senses","middle ear","7","0","Direct annotated visual","7","Usable labels present; coverage limited to depicted targets","Unlabeled/reveal available","8","Verified source/license; originals or credited licensed/public-domain media","Phone/enlarged target geometry checked; current native/offline test not performed","asset-servier-ear-section | asset-bvis04-middle-ear | asset-bvis04-inner-ear-vestibular","","",""
"special-senses","inner ear","11","0","Direct annotated visual","11","Usable labels present; coverage limited to depicted targets","Unlabeled/reveal available","11","Verified source/license; originals or credited licensed/public-domain media","Phone/enlarged target geometry checked; current native/offline test not performed","asset-servier-ear-section | asset-bvis04-inner-ear-vestibular | asset-bvis04-cochlea-corti","","",""
"special-senses","ear pathways","1","0","Direct annotated visual","1","Usable labels present; coverage limited to depicted targets","Unlabeled/reveal available","0","Verified source/license; originals or credited licensed/public-domain media","Phone/enlarged target geometry checked; current native/offline test not performed","asset-servier-ear-section | asset-bvis04-inner-ear-vestibular | asset-bvis04-cochlea-corti | asset-bvis04-smell-taste","","",""
"special-senses","olfaction","4","0","Direct annotated visual","4","Usable labels present; coverage limited to depicted targets","Unlabeled/reveal available","1","Verified source/license; originals or credited licensed/public-domain media","Phone/enlarged target geometry checked; current native/offline test not performed","asset-bvis04-smell-taste","","",""
"special-senses","taste","2","0","Direct annotated visual","2","Usable labels present; coverage limited to depicted targets","Unlabeled/reveal available","0","Verified source/license; originals or credited licensed/public-domain media","Phone/enlarged target geometry checked; current native/offline test not performed","asset-bvis04-smell-taste","","",""
"special-senses","taste pathways","3","0","Direct annotated visual","3","Usable labels present; coverage limited to depicted targets","Unlabeled/reveal available","0","Verified source/license; originals or credited licensed/public-domain media","Phone/enlarged target geometry checked; current native/offline test not performed","asset-bvis04-smell-taste","","",""
"endocrine-system","brain endocrine anatomy","3","0","Direct annotated visual","3","Usable labels present; coverage limited to depicted targets","Unlabeled/reveal available","4","Verified source/license; originals or credited licensed/public-domain media","Phone/enlarged target geometry checked; current native/offline test not performed","asset-bvis05-endocrine-body-map | asset-bvis05-hypothalamus-pituitary-axis","","",""
"endocrine-system","pituitary subdivisions","4","0","Direct annotated visual","4","Usable labels present; coverage limited to depicted targets","Unlabeled/reveal available","4","Verified source/license; originals or credited licensed/public-domain media","Phone/enlarged target geometry checked; current native/offline test not performed","asset-bvis05-hypothalamus-pituitary-axis | asset-bvis05-endocrine-body-map","","",""
"endocrine-system","neck glands","2","0","Direct annotated visual","2","Usable labels present; coverage limited to depicted targets","Unlabeled/reveal available","4","Verified source/license; originals or credited licensed/public-domain media","Phone/enlarged target geometry checked; current native/offline test not performed","asset-bvis05-endocrine-body-map | asset-bvis05-thyroid-parathyroid","","",""
"endocrine-system","thyroid gross anatomy","2","0","Direct annotated visual","2","Usable labels present; coverage limited to depicted targets","Unlabeled/reveal available","3","Verified source/license; originals or credited licensed/public-domain media","Phone/enlarged target geometry checked; current native/offline test not performed","asset-bvis05-thyroid-parathyroid | asset-bvis05-endocrine-body-map","","",""
"endocrine-system","thyroid histology","4","0","Direct annotated visual","4","Usable labels present; coverage limited to depicted targets","Unlabeled/reveal available","4","Verified source/license; originals or credited licensed/public-domain media","Phone/enlarged target geometry checked; current native/offline test not performed","asset-bvis05-thyroid-parathyroid | asset-bvis05-endocrine-body-map","","",""
"endocrine-system","parathyroid histology","1","0","Direct annotated visual","1","Usable labels present; coverage limited to depicted targets","Unlabeled/reveal available","1","Verified source/license; originals or credited licensed/public-domain media","Phone/enlarged target geometry checked; current native/offline test not performed","asset-bvis05-thyroid-parathyroid | asset-bvis05-endocrine-body-map","","",""
"endocrine-system","thoracic endocrine organs","1","0","Direct annotated visual","1","Usable labels present; coverage limited to depicted targets","Unlabeled/reveal available","1","Verified source/license; originals or credited licensed/public-domain media","Phone/enlarged target geometry checked; current native/offline test not performed","asset-bvis05-endocrine-body-map","","",""
"endocrine-system","suprarenal glands","1","0","Direct annotated visual","1","Usable labels present; coverage limited to depicted targets","Unlabeled/reveal available","2","Verified source/license; originals or credited licensed/public-domain media","Phone/enlarged target geometry checked; current native/offline test not performed","asset-bvis05-endocrine-body-map | asset-bvis05-adrenal-zones","","",""
"endocrine-system","adrenal subdivisions","2","0","Direct annotated visual","2","Usable labels present; coverage limited to depicted targets","Unlabeled/reveal available","2","Verified source/license; originals or credited licensed/public-domain media","Phone/enlarged target geometry checked; current native/offline test not performed","asset-bvis05-adrenal-zones | asset-bvis05-endocrine-body-map","","",""
"endocrine-system","adrenal histology","4","0","Direct annotated visual","4","Usable labels present; coverage limited to depicted targets","Unlabeled/reveal available","4","Verified source/license; originals or credited licensed/public-domain media","Phone/enlarged target geometry checked; current native/offline test not performed","asset-bvis05-adrenal-zones | asset-bvis05-endocrine-body-map","","",""
"endocrine-system","mixed glands","1","0","Direct annotated visual","1","Usable labels present; coverage limited to depicted targets","Unlabeled/reveal available","2","Verified source/license; originals or credited licensed/public-domain media","Phone/enlarged target geometry checked; current native/offline test not performed","asset-bvis05-endocrine-body-map | asset-bvis05-pancreas-islet | asset-bvis05-ovary-testis","","",""
"endocrine-system","pancreas histology","4","0","Direct annotated visual","4","Usable labels present; coverage limited to depicted targets","Unlabeled/reveal available","4","Verified source/license; originals or credited licensed/public-domain media","Phone/enlarged target geometry checked; current native/offline test not performed","asset-bvis05-pancreas-islet | asset-bvis05-endocrine-body-map | asset-bvis05-ovary-testis","","",""
"endocrine-system","gonadal endocrine anatomy","2","0","Direct annotated visual","2","Usable labels present; coverage limited to depicted targets","Unlabeled/reveal available","3","Verified source/license; originals or credited licensed/public-domain media","Phone/enlarged target geometry checked; current native/offline test not performed","asset-bvis05-endocrine-body-map | asset-bvis05-ovary-testis | asset-bvis05-pancreas-islet","","",""
"endocrine-system","ovary endocrine anatomy","1","0","Direct annotated visual","1","Usable labels present; coverage limited to depicted targets","Unlabeled/reveal available","1","Verified source/license; originals or credited licensed/public-domain media","Phone/enlarged target geometry checked; current native/offline test not performed","asset-bvis05-ovary-testis | asset-bvis05-endocrine-body-map | asset-bvis05-pancreas-islet","","",""
"endocrine-system","testis histology","2","0","Direct annotated visual","2","Usable labels present; coverage limited to depicted targets","Unlabeled/reveal available","2","Verified source/license; originals or credited licensed/public-domain media","Phone/enlarged target geometry checked; current native/offline test not performed","asset-bvis05-ovary-testis | asset-bvis05-endocrine-body-map | asset-bvis05-pancreas-islet","","",""
"endocrine-system","portal endocrine anatomy","1","0","Direct annotated visual","1","Usable labels present; coverage limited to depicted targets","Unlabeled/reveal available","1","Verified source/license; originals or credited licensed/public-domain media","Phone/enlarged target geometry checked; current native/offline test not performed","asset-bvis05-hypothalamus-pituitary-axis | asset-bvis05-endocrine-body-map","","",""
"endocrine-system","endocrine histology","1","0","Direct annotated visual","1","Usable labels present; coverage limited to depicted targets","Unlabeled/reveal available","1","Verified source/license; originals or credited licensed/public-domain media","Phone/enlarged target geometry checked; current native/offline test not performed","asset-bvis05-hypothalamus-pituitary-axis | asset-bvis05-endocrine-body-map","","",""
"endocrine-system","gross glands","2","0","Direct annotated visual","2","Usable labels present; coverage limited to depicted targets","Unlabeled/reveal available","2","Verified source/license; originals or credited licensed/public-domain media","Phone/enlarged target geometry checked; current native/offline test not performed","asset-bvis05-pancreas-islet","","",""
"cardiovascular-system","gross heart","1","0","Direct annotated visual","1","Usable labels present; coverage limited to depicted targets","Unlabeled/reveal available","2","Verified source/license; originals or credited licensed/public-domain media","Phone/enlarged target geometry checked; current native/offline test not performed","asset-bvis05-heart-anterior","","",""
"cardiovascular-system","surfaces","5","0","Direct annotated visual","5","Usable labels present; coverage limited to depicted targets","Unlabeled/reveal available","5","Verified source/license; originals or credited licensed/public-domain media","Phone/enlarged target geometry checked; current native/offline test not performed","asset-bvis05-heart-anterior | asset-bvis05-heart-chambers-valves | asset-bvis05-heart-wall-pericardium","","",""
"cardiovascular-system","chambers","4","0","Direct annotated visual","4","Usable labels present; coverage limited to depicted targets","Unlabeled/reveal available","6","Verified source/license; originals or credited licensed/public-domain media","Phone/enlarged target geometry checked; current native/offline test not performed","asset-bvis05-heart-anterior | asset-bvis05-heart-chambers-valves | asset-bvis05-heart-wall-pericardium","","",""
"cardiovascular-system","valves","6","0","Direct annotated visual","6","Usable labels present; coverage limited to depicted targets","Unlabeled/reveal available","7","Verified source/license; originals or credited licensed/public-domain media","Phone/enlarged target geometry checked; current native/offline test not performed","asset-bvis05-heart-chambers-valves | asset-bvis05-heart-valves-superior | asset-bvis05-heart-wall-pericardium","","",""
"cardiovascular-system","septa","2","0","Direct annotated visual","2","Usable labels present; coverage limited to depicted targets","Unlabeled/reveal available","2","Verified source/license; originals or credited licensed/public-domain media","Phone/enlarged target geometry checked; current native/offline test not performed","asset-bvis05-heart-chambers-valves | asset-bvis05-heart-anterior | asset-bvis05-heart-wall-pericardium","","",""
"cardiovascular-system","wall","3","0","Direct annotated visual","3","Usable labels present; coverage limited to depicted targets","Unlabeled/reveal available","3","Verified source/license; originals or credited licensed/public-domain media","Phone/enlarged target geometry checked; current native/offline test not performed","asset-bvis05-heart-chambers-valves | asset-bvis05-heart-wall-pericardium | asset-bvis05-heart-valves-superior","","",""
"cardiovascular-system","pericardium","3","0","Direct annotated visual","3","Usable labels present; coverage limited to depicted targets","Unlabeled/reveal available","4","Verified source/license; originals or credited licensed/public-domain media","Phone/enlarged target geometry checked; current native/offline test not performed","asset-bvis05-heart-wall-pericardium | asset-bvis05-heart-anterior | asset-bvis05-heart-chambers-valves | asset-bvis05-heart-valves-superior","","",""
"cardiovascular-system","coronary circulation","10","0","Direct annotated visual","10","Usable labels present; coverage limited to depicted targets","Unlabeled/reveal available","13","Verified source/license; originals or credited licensed/public-domain media","Phone/enlarged target geometry checked; current native/offline test not performed","asset-bvis05-heart-valves-superior | asset-bvis05-coronary-anterior | asset-bvis05-coronary-posterior","","",""
"cardiovascular-system","conduction","4","0","Direct annotated visual","4","Usable labels present; coverage limited to depicted targets","Unlabeled/reveal available","5","Verified source/license; originals or credited licensed/public-domain media","Phone/enlarged target geometry checked; current native/offline test not performed","asset-bvis05-conduction-system","","",""
"cardiovascular-system","great vessels","12","0","Direct annotated visual","12","Usable labels present; coverage limited to depicted targets","Unlabeled/reveal available","14","Verified source/license; originals or credited licensed/public-domain media","Phone/enlarged target geometry checked; current native/offline test not performed","asset-bvis05-heart-anterior | asset-bvis05-heart-chambers-valves | asset-bvis05-coronary-posterior","","",""
"cardiovascular-system","blood liquid matrix","1","1","Direct annotated visual","1","Usable labels present; coverage limited to depicted targets","Unlabeled/reveal available","2","Verified source/license; originals or credited licensed/public-domain media","Phone/enlarged target geometry checked; current native/offline test not performed","asset-bvis05-blood-composition | asset-bvis05-leukocyte-types","","",""
"cardiovascular-system","blood liquid after clotting","1","1","Direct annotated visual","1","Usable labels present; coverage limited to depicted targets","Unlabeled/reveal available","1","Verified source/license; originals or credited licensed/public-domain media","Phone/enlarged target geometry checked; current native/offline test not performed","asset-bvis05-blood-composition | asset-bvis05-leukocyte-types","","",""
"cardiovascular-system","blood tissue components","1","1","Direct annotated visual","1","Usable labels present; coverage limited to depicted targets","Unlabeled/reveal available","1","Verified source/license; originals or credited licensed/public-domain media","Phone/enlarged target geometry checked; current native/offline test not performed","asset-bvis05-blood-composition | asset-bvis05-leukocyte-types","","",""
"cardiovascular-system","centrifuged blood layer","1","1","Direct annotated visual","1","Usable labels present; coverage limited to depicted targets","Unlabeled/reveal available","1","Verified source/license; originals or credited licensed/public-domain media","Phone/enlarged target geometry checked; current native/offline test not performed","asset-bvis05-blood-composition | asset-bvis05-leukocyte-types","","",""
"cardiovascular-system","formed element","3","3","Direct annotated visual","3","Usable labels present; coverage limited to depicted targets","Unlabeled/reveal available","4","Verified source/license; originals or credited licensed/public-domain media","Phone/enlarged target geometry checked; current native/offline test not performed","asset-bvis05-blood-composition | asset-bvis05-leukocyte-types | asset-bvis05-blood-smear-schematic | asset-bvis05-marrow-hematopoiesis","","",""
"cardiovascular-system","erythrocyte smear feature","1","1","Direct annotated visual","1","Usable labels present; coverage limited to depicted targets","Unlabeled/reveal available","1","Verified source/license; originals or credited licensed/public-domain media","Phone/enlarged target geometry checked; current native/offline test not performed","asset-bvis05-blood-smear-schematic | asset-bvis05-marrow-hematopoiesis","","",""
"cardiovascular-system","marrow cell","1","1","Direct annotated visual","1","Usable labels present; coverage limited to depicted targets","Unlabeled/reveal available","1","Verified source/license; originals or credited licensed/public-domain media","Phone/enlarged target geometry checked; current native/offline test not performed","asset-bvis05-marrow-hematopoiesis | asset-bvis05-blood-smear-schematic","","",""
"cardiovascular-system","leukocyte group","2","2","Direct annotated visual","2","Usable labels present; coverage limited to depicted targets","Unlabeled/reveal available","2","Verified source/license; originals or credited licensed/public-domain media","Phone/enlarged target geometry checked; current native/offline test not performed","asset-bvis05-leukocyte-types","","",""
"cardiovascular-system","granulocyte","3","3","Direct annotated visual","3","Usable labels present; coverage limited to depicted targets","Unlabeled/reveal available","3","Verified source/license; originals or credited licensed/public-domain media","Phone/enlarged target geometry checked; current native/offline test not performed","asset-bvis05-leukocyte-types | asset-bvis05-blood-smear-schematic","","",""
"cardiovascular-system","agranulocyte","2","2","Direct annotated visual","2","Usable labels present; coverage limited to depicted targets","Unlabeled/reveal available","2","Verified source/license; originals or credited licensed/public-domain media","Phone/enlarged target geometry checked; current native/offline test not performed","asset-bvis05-leukocyte-types | asset-bvis05-blood-smear-schematic","","",""
"cardiovascular-system","hematopoietic tissue","1","1","Direct annotated visual","1","Usable labels present; coverage limited to depicted targets","Unlabeled/reveal available","2","Verified source/license; originals or credited licensed/public-domain media","Phone/enlarged target geometry checked; current native/offline test not performed","asset-bvis05-marrow-hematopoiesis","","",""
"cardiovascular-system","blood-cell production","1","1","Direct annotated visual","1","Usable labels present; coverage limited to depicted targets","Unlabeled/reveal available","1","Verified source/license; originals or credited licensed/public-domain media","Phone/enlarged target geometry checked; current native/offline test not performed","asset-bvis05-marrow-hematopoiesis","","",""
"cardiovascular-system","marrow precursor","1","1","Direct annotated visual","1","Usable labels present; coverage limited to depicted targets","Unlabeled/reveal available","1","Verified source/license; originals or credited licensed/public-domain media","Phone/enlarged target geometry checked; current native/offline test not performed","asset-bvis05-marrow-hematopoiesis","","",""
"cardiovascular-system","microscopic preparation","1","1","Direct annotated visual","1","Usable labels present; coverage limited to depicted targets","Unlabeled/reveal available","2","Verified source/license; originals or credited licensed/public-domain media","Phone/enlarged target geometry checked; current native/offline test not performed","asset-bvis05-blood-smear-schematic | asset-bvis05-marrow-hematopoiesis","","",""
"blood-vessels","vessel type","7","0","Direct annotated visual","7","Usable labels present; coverage limited to depicted targets","Unlabeled/reveal available","7","Verified source/license; originals or credited licensed/public-domain media","Phone/enlarged target geometry checked; current native/offline test not performed","asset-bvis05-vessel-wall-types | asset-bvis05-body-artery-vein-maps | asset-bvis05-great-saphenous-route | asset-bvis05-celiac-renal-context | asset-bvis05-vessel-flow-chain | asset-bvis05-lower-limb-arteries | asset-bvis05-upper-limb-veins","","",""
"blood-vessels","wall layer","4","0","Direct annotated visual","4","Usable labels present; coverage limited to depicted targets","Unlabeled/reveal available","5","Verified source/license; originals or credited licensed/public-domain media","Phone/enlarged target geometry checked; current native/offline test not performed","asset-bvis05-vessel-wall-types","","",""
"blood-vessels","capillary type","3","0","Direct annotated visual","3","Usable labels present; coverage limited to depicted targets","Unlabeled/reveal available","4","Verified source/license; originals or credited licensed/public-domain media","Phone/enlarged target geometry checked; current native/offline test not performed","asset-bvis05-capillary-types","","",""
"blood-vessels","formed element","3","0","Direct annotated visual","3","Usable labels present; coverage limited to depicted targets","Unlabeled/reveal available","3","Verified source/license; originals or credited licensed/public-domain media","Phone/enlarged target geometry checked; current native/offline test not performed","asset-bvis05-capillary-types","","",""
"blood-vessels","major artery","3","0","Direct annotated visual","3","Usable labels present; coverage limited to depicted targets","Unlabeled/reveal available","8","Verified source/license; originals or credited licensed/public-domain media","Phone/enlarged target geometry checked; current native/offline test not performed","asset-bvis05-body-artery-vein-maps | asset-bvis05-upper-limb-arteries | asset-bvis05-lower-limb-arteries | asset-bvis05-celiac-renal-context | asset-bvis05-vessel-flow-chain | asset-bvis05-head-neck-vessels | asset-bvis05-upper-limb-veins | asset-bvis05-great-saphenous-route | asset-bvis05-vessel-wall-types","","",""
"blood-vessels","head arteries","3","0","Direct annotated visual","3","Usable labels present; coverage limited to depicted targets","Unlabeled/reveal available","4","Verified source/license; originals or credited licensed/public-domain media","Phone/enlarged target geometry checked; current native/offline test not performed","asset-bvis05-body-artery-vein-maps | asset-bvis05-head-neck-vessels | asset-bvis05-upper-limb-arteries | asset-bvis05-upper-limb-veins | asset-bvis05-lower-limb-arteries | asset-bvis05-great-saphenous-route | asset-bvis05-celiac-renal-context | asset-bvis05-vessel-wall-types | asset-bvis05-vessel-flow-chain","","",""
"blood-vessels","upper limb arteries","5","0","Direct annotated visual","5","Usable labels present; coverage limited to depicted targets","Unlabeled/reveal available","5","Verified source/license; originals or credited licensed/public-domain media","Phone/enlarged target geometry checked; current native/offline test not performed","asset-bvis05-body-artery-vein-maps | asset-bvis05-head-neck-vessels | asset-bvis05-upper-limb-arteries | asset-bvis05-upper-limb-veins | asset-bvis05-lower-limb-arteries | asset-bvis05-great-saphenous-route | asset-bvis05-celiac-renal-context","","",""
"blood-vessels","lower limb arteries","4","0","Direct annotated visual","4","Usable labels present; coverage limited to depicted targets","Unlabeled/reveal available","4","Verified source/license; originals or credited licensed/public-domain media","Phone/enlarged target geometry checked; current native/offline test not performed","asset-bvis05-body-artery-vein-maps | asset-bvis05-lower-limb-arteries | asset-bvis05-great-saphenous-route | asset-bvis05-head-neck-vessels | asset-bvis05-upper-limb-arteries | asset-bvis05-upper-limb-veins | asset-bvis05-celiac-renal-context","","",""
"blood-vessels","head veins","2","0","Direct annotated visual","2","Usable labels present; coverage limited to depicted targets","Unlabeled/reveal available","2","Verified source/license; originals or credited licensed/public-domain media","Phone/enlarged target geometry checked; current native/offline test not performed","asset-bvis05-body-artery-vein-maps | asset-bvis05-head-neck-vessels | asset-bvis05-upper-limb-veins | asset-bvis05-upper-limb-arteries | asset-bvis05-lower-limb-arteries | asset-bvis05-great-saphenous-route | asset-bvis05-celiac-renal-context","","",""
"blood-vessels","great veins","1","0","Direct annotated visual","1","Usable labels present; coverage limited to depicted targets","Unlabeled/reveal available","2","Verified source/license; originals or credited licensed/public-domain media","Phone/enlarged target geometry checked; current native/offline test not performed","asset-bvis05-body-artery-vein-maps | asset-bvis05-upper-limb-veins | asset-bvis05-head-neck-vessels | asset-bvis05-upper-limb-arteries | asset-bvis05-celiac-renal-context","","",""
"blood-vessels","upper limb veins","4","0","Direct annotated visual","4","Usable labels present; coverage limited to depicted targets","Unlabeled/reveal available","4","Verified source/license; originals or credited licensed/public-domain media","Phone/enlarged target geometry checked; current native/offline test not performed","asset-bvis05-body-artery-vein-maps | asset-bvis05-head-neck-vessels | asset-bvis05-upper-limb-veins | asset-bvis05-upper-limb-arteries | asset-bvis05-lower-limb-arteries | asset-bvis05-great-saphenous-route | asset-bvis05-celiac-renal-context","","",""
"blood-vessels","lower limb veins","1","0","Direct annotated visual","1","Usable labels present; coverage limited to depicted targets","Unlabeled/reveal available","2","Verified source/license; originals or credited licensed/public-domain media","Phone/enlarged target geometry checked; current native/offline test not performed","asset-bvis05-body-artery-vein-maps | asset-bvis05-great-saphenous-route | asset-bvis05-head-neck-vessels | asset-bvis05-upper-limb-arteries | asset-bvis05-upper-limb-veins | asset-bvis05-lower-limb-arteries | asset-bvis05-celiac-renal-context","","",""
"blood-vessels","portal circulation","5","0","Direct annotated visual","5","Usable labels present; coverage limited to depicted targets","Unlabeled/reveal available","6","Verified source/license; originals or credited licensed/public-domain media","Phone/enlarged target geometry checked; current native/offline test not performed","asset-bvis05-hepatic-portal-system","","",""
"respiratory-system","nasal anatomy","15","0","Direct annotated visual","15","Usable labels present; coverage limited to depicted targets","Unlabeled/reveal available","17","Verified source/license; originals or credited licensed/public-domain media","Phone/enlarged target geometry checked; current native/offline test not performed","asset-bvis05-upper-airway | asset-bvis05-trachea-bronchial-tree | asset-bvis05-alveolar-unit","","",""
"respiratory-system","larynx and conducting airway","20","0","Direct annotated visual","20","Usable labels present; coverage limited to depicted targets","Unlabeled/reveal available","23","Verified source/license; originals or credited licensed/public-domain media","Phone/enlarged target geometry checked; current native/offline test not performed","asset-bvis05-larynx-glottis | asset-bvis05-trachea-bronchial-tree | asset-bvis05-upper-airway | asset-bvis05-alveolar-unit","","",""
"respiratory-system","lungs and pleura","14","0","Direct annotated visual","14","Usable labels present; coverage limited to depicted targets","Unlabeled/reveal available","17","Verified source/license; originals or credited licensed/public-domain media","Phone/enlarged target geometry checked; current native/offline test not performed","asset-bvis05-lung-lobes | asset-bvis05-pleura-diaphragm","","",""
"respiratory-system","respiratory histology","15","0","Direct annotated visual","15","Usable labels present; coverage limited to depicted targets","Unlabeled/reveal available","18","Verified source/license; originals or credited licensed/public-domain media","Phone/enlarged target geometry checked; current native/offline test not performed","asset-bvis05-alveolar-unit | asset-bvis05-respiratory-membrane-histology | asset-bvis05-pleura-diaphragm | asset-bvis05-upper-airway | asset-bvis05-trachea-bronchial-tree","asset-commons-alveolar-sac","",""
"digestive-system","oral cavity","11","0","Direct annotated visual","11","Usable labels present; coverage limited to depicted targets","Unlabeled/reveal available","13","Verified source/license; originals or credited licensed/public-domain media","Phone/enlarged target geometry checked; current native/offline test not performed","asset-bvis06-oral-cavity | asset-bvis06-stomach | asset-bvis06-abdominal-placement | asset-bvis06-alimentary-canal | asset-bvis06-large-intestine","","",""
"digestive-system","stomach","9","0","Direct annotated visual","9","Usable labels present; coverage limited to depicted targets","Unlabeled/reveal available","11","Verified source/license; originals or credited licensed/public-domain media","Phone/enlarged target geometry checked; current native/offline test not performed","asset-bvis06-stomach | asset-bvis06-abdominal-placement | asset-bvis06-alimentary-canal | asset-bvis06-large-intestine","","",""
"digestive-system","small intestine","11","0","Direct annotated visual","11","Usable labels present; coverage limited to depicted targets","Unlabeled/reveal available","13","Verified source/license; originals or credited licensed/public-domain media","Phone/enlarged target geometry checked; current native/offline test not performed","asset-bvis06-stomach | asset-bvis06-small-intestine | asset-bvis06-abdominal-placement | asset-bvis06-alimentary-canal | asset-bvis06-liver-lobule-pancreas | asset-bvis06-large-intestine","","",""
"digestive-system","large intestine","13","0","Direct annotated visual","13","Usable labels present; coverage limited to depicted targets","Unlabeled/reveal available","15","Verified source/license; originals or credited licensed/public-domain media","Phone/enlarged target geometry checked; current native/offline test not performed","asset-bvis06-large-intestine | asset-bvis06-abdominal-placement | asset-bvis06-alimentary-canal","","",""
"digestive-system","accessory organs","21","0","Direct annotated visual","21","Usable labels present; coverage limited to depicted targets","Unlabeled/reveal available","24","Verified source/license; originals or credited licensed/public-domain media","Phone/enlarged target geometry checked; current native/offline test not performed","asset-bvis06-liver-biliary-pancreas | asset-bvis06-liver-lobule-pancreas | asset-bvis06-abdominal-placement | asset-bvis06-urinary-tract | asset-bvis06-kidney-placement","","",""
"digestive-system","peritoneum and wall","16","0","Direct annotated visual","16","Usable labels present; coverage limited to depicted targets","Unlabeled/reveal available","18","Verified source/license; originals or credited licensed/public-domain media","Phone/enlarged target geometry checked; current native/offline test not performed","asset-bvis06-stomach | asset-bvis06-liver-biliary-pancreas | asset-bvis06-liver-lobule-pancreas | asset-bvis06-digestive-wall-layers | asset-bvis06-peritoneal-folds | asset-bvis06-small-intestine","","",""
"urinary-system","kidney","12","0","Direct annotated visual","12","Usable labels present; coverage limited to depicted targets","Unlabeled/reveal available","19","Verified source/license; originals or credited licensed/public-domain media","Phone/enlarged target geometry checked; current native/offline test not performed","asset-bvis06-kidney-section | asset-bvis06-kidney-placement | asset-bvis06-urinary-tract | asset-bvis06-nephron-pathway","asset-commons-kidney-cortex-human","",""
"urinary-system","tract","7","0","Direct annotated visual","7","Usable labels present; coverage limited to depicted targets","Unlabeled/reveal available","9","Verified source/license; originals or credited licensed/public-domain media","Phone/enlarged target geometry checked; current native/offline test not performed","asset-bvis06-kidney-section | asset-bvis06-kidney-placement | asset-bvis06-urinary-tract | asset-bvis06-nephron-pathway | asset-bvis06-male-system","","",""
"urinary-system","nephron","14","0","Direct annotated visual","14","Usable labels present; coverage limited to depicted targets","Unlabeled/reveal available","18","Verified source/license; originals or credited licensed/public-domain media","Phone/enlarged target geometry checked; current native/offline test not performed","asset-bvis06-nephron-pathway | asset-bvis06-renal-corpuscle | asset-bvis06-urinary-tract","asset-commons-kidney-cortex-human","",""
"urinary-system","vessels and histology","16","0","Direct annotated visual","13","Usable labels present; coverage limited to depicted targets","Unlabeled/reveal available","14","Verified source/license; originals or credited licensed/public-domain media","Phone/enlarged target geometry checked; current native/offline test not performed","asset-bvis06-kidney-placement | asset-bvis06-urinary-tract | asset-bvis06-renal-corpuscle | asset-bvis06-renal-vessels","asset-commons-kidney-cortex-human","",""
"male-reproductive","testis","10","0","Direct annotated visual","10","Usable labels present; coverage limited to depicted targets","Unlabeled/reveal available","13","Verified source/license; originals or credited licensed/public-domain media","Phone/enlarged target geometry checked; current native/offline test not performed","asset-bvis06-testis-ducts | asset-bvis06-male-system","","",""
"male-reproductive","ducts","8","0","Direct annotated visual","8","Usable labels present; coverage limited to depicted targets","Unlabeled/reveal available","10","Verified source/license; originals or credited licensed/public-domain media","Phone/enlarged target geometry checked; current native/offline test not performed","asset-bvis06-testis-ducts | asset-bvis06-male-system","","",""
"male-reproductive","glands and external","14","0","Direct annotated visual","9","Usable labels present; coverage limited to depicted targets","Unlabeled/reveal available","11","Verified source/license; originals or credited licensed/public-domain media","Phone/enlarged target geometry checked; current native/offline test not performed","asset-bvis06-male-system | asset-bvis06-testis-ducts","","",""
"male-reproductive","histology","15","0","Direct annotated visual","11","Usable labels present; coverage limited to depicted targets","Unlabeled/reveal available","11","Verified source/license; originals or credited licensed/public-domain media","Phone/enlarged target geometry checked; current native/offline test not performed","asset-bvis06-testis-ducts | asset-bvis06-male-system","","",""
"female-reproductive","ovary and follicles","15","0","Direct annotated visual","15","Usable labels present; coverage limited to depicted targets","Unlabeled/reveal available","17","Verified source/license; originals or credited licensed/public-domain media","Phone/enlarged target geometry checked; current native/offline test not performed","asset-bvis06-ovary-follicle | asset-bvis06-female-gross","","",""
"female-reproductive","tube and uterus","11","0","Direct annotated visual","11","Usable labels present; coverage limited to depicted targets","Unlabeled/reveal available","15","Verified source/license; originals or credited licensed/public-domain media","Phone/enlarged target geometry checked; current native/offline test not performed","asset-bvis06-female-gross","","",""
"female-reproductive","wall and support","14","0","Direct annotated visual","12","Usable labels present; coverage limited to depicted targets","Unlabeled/reveal available","13","Verified source/license; originals or credited licensed/public-domain media","Phone/enlarged target geometry checked; current native/offline test not performed","asset-bvis06-female-gross | asset-bvis06-uterine-wall","","",""
"female-reproductive","external and mammary","13","0","Text-only; not expanded in this bounded audit","0","Not applicable","Not applicable","0","Not applicable","No current device-render evidence","","","",""
"female-reproductive","histology","12","0","Direct annotated visual","8","Usable labels present; coverage limited to depicted targets","Unlabeled/reveal available","8","Verified source/license; originals or credited licensed/public-domain media","Phone/enlarged target geometry checked; current native/offline test not performed","asset-bvis06-ovary-follicle | asset-bvis06-uterine-wall | asset-bvis06-female-gross","","",""
